frame,t_sec,detected,side_used,knee_angle_raw,knee_angle,excluded_reason,left_hip_x,left_hip_y,left_hip_conf,left_knee_x,left_knee_y,left_knee_conf,left_ankle_x,left_ankle_y,left_ankle_conf,right_hip_x,right_hip_y,right_hip_conf,right_knee_x,right_knee_y,right_knee_conf,right_ankle_x,right_ankle_y,right_ankle_conf
0,0.0,1,left,164.72716398025028,164.38119331873438,,0.5690650939941406,0.5247557759284973,0.9997096657752991,0.5380762815475464,0.6388362646102905,0.8443076610565186,0.5382773280143738,0.790959894657135,0.8842767477035522,0.5422309041023254,0.5516917109489441,0.9990535378456116,0.5170634984970093,0.648320198059082,0.6597200632095337,0.5315032005310059,0.7891387343406677,0.5097119808197021
1,0.03333333333333333,1,left,164.38119331873438,164.38119331873438,,0.5686076879501343,0.5254235863685608,0.999721348285675,0.5376511812210083,0.6381686925888062,0.8449761867523193,0.538344144821167,0.7877544164657593,0.8845664262771606,0.5414199233055115,0.5518596768379211,0.9990880489349365,0.5170491933822632,0.6473485231399536,0.6546696424484253,0.5312458276748657,0.786263108253479,0.5061261653900146
2,0.06666666666666667,1,left,162.52116875081,162.52116875081,,0.568386971950531,0.5258451700210571,0.9997327923774719,0.5353003740310669,0.6388179659843445,0.8497393727302551,0.5382667183876038,0.7859503030776978,0.8890971541404724,0.5415123701095581,0.5524895787239075,0.999122679233551,0.5170444250106812,0.6474047899246216,0.651177704334259,0.5308435559272766,0.7848709225654602,0.5104753375053406
3,0.1,1,left,161.8968965698782,161.8968965698782,,0.5674154758453369,0.5272716283798218,0.9997413754463196,0.5342417359352112,0.6390578150749207,0.8491799235343933,0.5382657647132874,0.785474419593811,0.8902751207351685,0.540755033493042,0.5546709895133972,0.9991362690925598,0.5162982940673828,0.6474953889846802,0.647244930267334,0.5299970507621765,0.7843884825706482,0.5078665614128113
4,0.13333333333333333,1,left,160.53152124641142,160.53152124641142,,0.5662120580673218,0.5274333357810974,0.9997493624687195,0.5320777893066406,0.6384800672531128,0.8518332242965698,0.5381836295127869,0.7852782011032104,0.8931857347488403,0.5398654937744141,0.5548577904701233,0.999131977558136,0.5145328044891357,0.6476858854293823,0.6513850092887878,0.5294927358627319,0.7842696905136108,0.5104732513427734
5,0.16666666666666666,1,left,156.11555539057633,156.11555539057633,,0.5654847025871277,0.5302568078041077,0.9997557997703552,0.5266990065574646,0.6395286321640015,0.8547557592391968,0.5377695560455322,0.7853230834007263,0.8990452885627747,0.5397225022315979,0.5569709539413452,0.9991052150726318,0.5119583010673523,0.6478354930877686,0.6517085433006287,0.5294066071510315,0.7843382358551025,0.5143343210220337
6,0.2,1,left,151.9321708649397,152.41404940063939,,0.5651606917381287,0.5323755145072937,0.9997687339782715,0.5212777853012085,0.6404370665550232,0.8575819134712219,0.536422610282898,0.7853536605834961,0.9049710631370544,0.5397440791130066,0.5577152967453003,0.9991313219070435,0.509512186050415,0.6485707759857178,0.6545767188072205,0.5282942056655884,0.7843992710113525,0.517020583152771
7,0.23333333333333334,1,left,152.41404940063939,151.9321708649397,,0.5619542002677917,0.532166063785553,0.9997814297676086,0.5198088884353638,0.6400643587112427,0.8534529805183411,0.5357304811477661,0.7854381203651428,0.9061990976333618,0.5371249914169312,0.5569706559181213,0.9991651773452759,0.5067463517189026,0.6494637131690979,0.6533421874046326,0.5273112058639526,0.784306526184082,0.5123112201690674
8,0.26666666666666666,1,left,150.37694393838657,150.37694393838657,,0.5606124401092529,0.5325959920883179,0.9997666478157043,0.5181789398193359,0.6342875957489014,0.8529229760169983,0.5357497930526733,0.7779413461685181,0.9040507078170776,0.5352734327316284,0.5565187335014343,0.9991397261619568,0.5039273500442505,0.650686502456665,0.6536051034927368,0.5267876386642456,0.7841024398803711,0.5151045322418213
9,0.3,1,left,150.3127109524563,150.3127109524563,,0.5584797263145447,0.5325482487678528,0.9997683763504028,0.5171369910240173,0.633621096611023,0.8597068190574646,0.5358071327209473,0.7765758633613586,0.907141387462616,0.5319409370422363,0.5538545846939087,0.9991524815559387,0.5013483166694641,0.6513245105743408,0.6668515205383301,0.524618923664093,0.7836679220199585,0.5285794734954834
10,0.3333333333333333,1,left,147.74522296326927,147.74522296326927,,0.5564712882041931,0.5311965346336365,0.9997695088386536,0.5115297436714172,0.6344255805015564,0.8547548055648804,0.5334925055503845,0.7774767279624939,0.9048159718513489,0.5324422121047974,0.5470196008682251,0.9991698861122131,0.5021824836730957,0.6504532694816589,0.6476720571517944,0.5246050953865051,0.7820504903793335,0.5114670395851135
11,0.36666666666666664,1,left,147.38123855418777,147.74522296326927,,0.5523263216018677,0.5314019322395325,0.999763011932373,0.5085616111755371,0.6346274018287659,0.8596531748771667,0.5327836275100708,0.7771831750869751,0.9036180973052979,0.5300535559654236,0.5465753078460693,0.9991786479949951,0.5026417970657349,0.6501930952072144,0.6465555429458618,0.5247513055801392,0.7798140048980713,0.5181825757026672
12,0.4,1,left,147.07907902609492,147.74522296326927,,0.5520190000534058,0.5315233469009399,0.9997643828392029,0.5066073536872864,0.6401609182357788,0.8615509867668152,0.5313988924026489,0.7774586081504822,0.9008386135101318,0.5294408202171326,0.5451487302780151,0.9991995096206665,0.5050917863845825,0.6501814723014832,0.6243436932563782,0.5261189341545105,0.779917299747467,0.5147690176963806
13,0.43333333333333335,1,left,148.0071841772544,148.0071841772544,,0.551713228225708,0.5309799313545227,0.9997580051422119,0.5086080431938171,0.6324863433837891,0.8671541810035706,0.5315857529640198,0.777823269367218,0.900283932685852,0.5280982255935669,0.5425578355789185,0.9991991519927979,0.49920663237571716,0.6430179476737976,0.6284574866294861,0.5264259576797485,0.7789749503135681,0.5162076950073242
14,0.4666666666666667,1,left,149.2340996018661,148.56950509566192,,0.5478807687759399,0.5309672951698303,0.9997614622116089,0.5073744058609009,0.6340182423591614,0.8735576868057251,0.5317836403846741,0.782953679561615,0.8985930681228638,0.5266841053962708,0.5418022871017456,0.9991650581359863,0.4943872392177582,0.6350803971290588,0.6030396819114685,0.5263089537620544,0.763849139213562,0.49285826086997986
15,0.5,1,left,148.56950509566192,149.2340996018661,,0.545956015586853,0.5307087302207947,0.9997687339782715,0.5053443908691406,0.6345553994178772,0.8787176012992859,0.5317577719688416,0.7832696437835693,0.8986882567405701,0.5273802876472473,0.5398390889167786,0.9991893172264099,0.49232417345046997,0.6364408731460571,0.5856098532676697,0.5263849496841431,0.76463782787323,0.4791892468929291
16,0.5333333333333333,1,left,151.7239847632177,151.7239847632177,,0.542526364326477,0.527298629283905,0.999779462814331,0.5061892867088318,0.6370499134063721,0.8835246562957764,0.5318008661270142,0.7829398512840271,0.9003621339797974,0.5285629034042358,0.5351470112800598,0.9992313981056213,0.4942566454410553,0.6373289823532104,0.5613623261451721,0.527595579624176,0.7668084502220154,0.4732966721057892
17,0.5666666666666667,1,left,155.7075515208611,155.7075515208611,,0.5371814966201782,0.5178065299987793,0.9997881650924683,0.5061824917793274,0.6375783681869507,0.8895292282104492,0.5313297510147095,0.7834427356719971,0.9012588858604431,0.5383602380752563,0.5307648181915283,0.999259352684021,0.5046238899230957,0.6375116109848022,0.5313946604728699,0.5284830331802368,0.7737728953361511,0.4633716344833374
18,0.6,1,left,156.91703877403856,156.91703877403856,,0.5358549356460571,0.5180845856666565,0.9997793436050415,0.5068209767341614,0.6383324861526489,0.895249605178833,0.5311614871025085,0.783650815486908,0.9038137793540955,0.5390981435775757,0.5286700129508972,0.9992120862007141,0.5097280740737915,0.6386538743972778,0.5015307664871216,0.5292930006980896,0.7761291861534119,0.45391374826431274
19,0.6333333333333333,1,left,158.2626590420905,158.2626590420905,,0.5333571434020996,0.5175367593765259,0.9997420310974121,0.507156491279602,0.638370931148529,0.8989832401275635,0.5312164425849915,0.7820982336997986,0.9030053019523621,0.5396777391433716,0.5261250734329224,0.9990414381027222,0.5149282813072205,0.6391506195068359,0.47063079476356506,0.5305229425430298,0.776141881942749,0.43902143836021423
20,0.6666666666666666,1,left,159.8672798818268,159.8672798818268,,0.5312920808792114,0.515048086643219,0.9997276067733765,0.507696270942688,0.6383875012397766,0.9012022018432617,0.5312362313270569,0.7820990681648254,0.9007804989814758,0.5394743084907532,0.5252562761306763,0.9989389777183533,0.5167567729949951,0.6402900218963623,0.43971267342567444,0.53053879737854,0.7766740322113037,0.4208011031150818
21,0.7,1,left,161.44790398206834,161.44790398206834,,0.5284252762794495,0.5146387219429016,0.9997096657752991,0.5079799890518188,0.6376931667327881,0.9013975262641907,0.5311535000801086,0.7820689082145691,0.8987419605255127,0.5370659828186035,0.5261296629905701,0.9988268613815308,0.5170472860336304,0.6403878927230835,0.4124170243740082,0.5300192832946777,0.7768208980560303,0.40438780188560486
22,0.7333333333333333,1,left,162.78640253929495,162.78640253929495,,0.5270748734474182,0.5149312615394592,0.9996872544288635,0.5091002583503723,0.638437032699585,0.903515636920929,0.5316237211227417,0.7817272543907166,0.9010863304138184,0.5355640053749084,0.5259585976600647,0.9987081289291382,0.5181505680084229,0.6422279477119446,0.39413249492645264,0.5315893888473511,0.7769398093223572,0.3982253670692444
23,0.7666666666666667,1,left,165.60165970162666,165.60165970162666,,0.5261608958244324,0.5152873396873474,0.9996725916862488,0.5121588110923767,0.6405848860740662,0.905657947063446,0.5320560932159424,0.7817688584327698,0.9040219187736511,0.5343078970909119,0.5261891484260559,0.9986436367034912,0.5197120904922485,0.6441393494606018,0.38018327951431274,0.5320960879325867,0.7770345211029053,0.39818939566612244
24,0.8,1,left,166.65236791201238,166.45206256012113,,0.5245624780654907,0.5153161883354187,0.9996700286865234,0.5126727223396301,0.6410654187202454,0.90668785572052,0.5322943329811096,0.7816362977027893,0.906528890132904,0.5336049795150757,0.5263863801956177,0.9986362457275391,0.5201776027679443,0.645510733127594,0.3700050413608551,0.5325151085853577,0.777229368686676,0.3998068869113922
25,0.8333333333333334,1,left,167.10267702326934,166.65057131110524,,0.5234659910202026,0.5153795480728149,0.9996746182441711,0.5126546621322632,0.6410406231880188,0.9083282947540283,0.5323261022567749,0.7813664078712463,0.9090476632118225,0.5317719578742981,0.5258713960647583,0.9986838698387146,0.5199204683303833,0.6455932259559631,0.3602186143398285,0.5326306223869324,0.7772995233535767,0.40106067061424255
26,0.8666666666666667,1,left,166.45206256012113,166.65236791201238,,0.5222865343093872,0.5151964426040649,0.9996821880340576,0.5112351179122925,0.6410248279571533,0.9081600308418274,0.5322718024253845,0.7813060283660889,0.9103678464889526,0.5310086607933044,0.5259960293769836,0.9987189173698425,0.5195801854133606,0.6458960771560669,0.3556669354438782,0.532687783241272,0.7775768637657166,0.40196147561073303
27,0.9,1,left,166.65057131110524,167.10267702326934,,0.5220502614974976,0.5145098567008972,0.9996784925460815,0.511345624923706,0.6409977078437805,0.9086949825286865,0.5323666334152222,0.7814508676528931,0.9124045372009277,0.529780387878418,0.5244196653366089,0.9987502098083496,0.5199223756790161,0.6460007429122925,0.35059458017349243,0.5330008268356323,0.7780016660690308,0.4051959216594696
28,0.9333333333333333,1,left,167.7436891427608,167.7436891427608,,0.5205785632133484,0.5146322250366211,0.9996763467788696,0.5120083689689636,0.6423323154449463,0.9129185080528259,0.5326501727104187,0.781834602355957,0.9164808988571167,0.5277838706970215,0.5246964693069458,0.9988043308258057,0.519945502281189,0.6475536227226257,0.3494603931903839,0.5329872369766235,0.7792437672615051,0.41759613156318665
29,0.9666666666666667,1,left,168.03882007537382,168.03882007537382,,0.520070493221283,0.5141832232475281,0.9996680021286011,0.5120080709457397,0.6422622799873352,0.9138585329055786,0.5326412916183472,0.7826814651489258,0.9178908467292786,0.5260239839553833,0.5247561931610107,0.9988090991973877,0.5199037790298462,0.6475633978843689,0.3436494469642639,0.5329698324203491,0.781100332736969,0.415679931640625
30,1.0,1,left,168.5730830538826,168.5730830538826,,0.5188929438591003,0.5140116214752197,0.999671220779419,0.511997640132904,0.6421971917152405,0.9135075807571411,0.532643735408783,0.7828982472419739,0.918907880783081,0.524222731590271,0.524943470954895,0.9988365173339844,0.5197638869285583,0.6480854749679565,0.33706992864608765,0.5330261588096619,0.7821181416511536,0.41378113627433777
31,1.0333333333333334,1,left,168.94047361346728,168.94047361346728,,0.5189257860183716,0.5138646960258484,0.9996603727340698,0.5123003721237183,0.6421304941177368,0.9139931797981262,0.5323988199234009,0.783303439617157,0.9188565611839294,0.5239596366882324,0.5250669717788696,0.9988297820091248,0.5196639895439148,0.6481285691261292,0.32842832803726196,0.5328546762466431,0.7828042507171631,0.40859952569007874
32,1.0666666666666667,1,left,169.20128608125225,169.13990891987578,,0.5187538862228394,0.5138866901397705,0.99965500831604,0.5124465823173523,0.641983687877655,0.9145923256874084,0.5323106050491333,0.7836854457855225,0.9200609922409058,0.5223104953765869,0.5251425504684448,0.9988381266593933,0.5196182727813721,0.6481389403343201,0.3209823966026306,0.5328483581542969,0.7834826707839966,0.40740707516670227
33,1.1,1,left,169.13990891987578,169.14029731295193,,0.5188710689544678,0.5143797397613525,0.9996659755706787,0.5124838948249817,0.6419953107833862,0.9156320691108704,0.5323903560638428,0.7837300896644592,0.9220569729804993,0.5198296904563904,0.5254958271980286,0.9988800287246704,0.5189469456672668,0.6489927768707275,0.3177936375141144,0.5327845811843872,0.7834904193878174,0.4098391532897949
34,1.1333333333333333,1,left,169.17659652428858,169.14029731295193,,0.5190458297729492,0.5155556201934814,0.9996687769889832,0.5126763582229614,0.6419885754585266,0.9177249073982239,0.5323852300643921,0.7833092212677002,0.9251445531845093,0.5200580358505249,0.526609480381012,0.9989045262336731,0.5188506841659546,0.6491310000419617,0.31478703022003174,0.5327467322349548,0.7826606631278992,0.41733551025390625
35,1.1666666666666667,1,left,169.14029731295193,169.13990891987578,,0.5191793441772461,0.5168536305427551,0.9996780157089233,0.512828528881073,0.6422063112258911,0.9219447374343872,0.5325568318367004,0.783306360244751,0.9290457367897034,0.5204707384109497,0.5275735855102539,0.9989490509033203,0.5188359618186951,0.6495538949966431,0.31387192010879517,0.5327399373054504,0.7826089262962341,0.426718145608902
36,1.2,1,left,169.13591827094947,169.13591827094947,,0.519270658493042,0.5179092288017273,0.99968421459198,0.5129011869430542,0.6423641443252563,0.9235219955444336,0.5325485467910767,0.7833350896835327,0.9309787750244141,0.5207998156547546,0.5287800431251526,0.9989678859710693,0.5188120603561401,0.6499714255332947,0.30997490882873535,0.5327597856521606,0.7828367948532104,0.4292699694633484
37,1.2333333333333334,1,left,168.94874773752943,168.94874773752943,,0.5200352072715759,0.5190379619598389,0.9996862411499023,0.5131227970123291,0.6433190703392029,0.9255726933479309,0.5325301289558411,0.7837600708007812,0.9335936307907104,0.5207783579826355,0.5291236639022827,0.9989977478981018,0.5188413262367249,0.6514589190483093,0.3058532774448395,0.5327521562576294,0.7828776836395264,0.43718820810317993
38,1.2666666666666666,1,left,168.5016658721758,168.5016658721758,,0.5222668051719666,0.5196534395217896,0.9996966123580933,0.5138431191444397,0.6436274647712708,0.9249607920646667,0.5326014161109924,0.7840046286582947,0.9345957040786743,0.5209258198738098,0.5309057831764221,0.9990352988243103,0.518831729888916,0.652795672416687,0.3063579201698303,0.5328728556632996,0.7832733988761902,0.440551221370697
39,1.3,1,left,167.55727715668482,168.14149530634688,,0.5264707803726196,0.5218603014945984,0.9996885657310486,0.5153930187225342,0.6445891261100769,0.9257605671882629,0.5332508087158203,0.7842799425125122,0.9355891942977905,0.5209993720054626,0.5324457287788391,0.9990555644035339,0.5188154578208923,0.6535423398017883,0.305810809135437,0.533058762550354,0.7831918001174927,0.44336453080177307
40,1.3333333333333333,1,left,166.97630816760807,168.14149530634688,,0.5307356119155884,0.5218162536621094,0.9996965527534485,0.5171759724617004,0.6444558501243591,0.9264277219772339,0.5336485505104065,0.7843764424324036,0.9353065490722656,0.5232710838317871,0.5324614644050598,0.9990947246551514,0.5194305181503296,0.652484118938446,0.30159226059913635,0.53305584192276,0.7824559807777405,0.4397214651107788
41,1.3666666666666667,1,left,168.14149530634688,168.14149530634688,,0.5332998037338257,0.521671712398529,0.9996983408927917,0.5198652148246765,0.6442563533782959,0.9288772344589233,0.5336674451828003,0.7849169969558716,0.9349406957626343,0.5261433124542236,0.5316669940948486,0.9991387724876404,0.5216876864433289,0.6512389779090881,0.30213478207588196,0.5329197645187378,0.7824089527130127,0.4374602735042572
42,1.4,1,left,169.56717745319438,168.96475421049342,,0.5351347923278809,0.5216606855392456,0.99969881772995,0.5224751234054565,0.6442950963973999,0.9307847023010254,0.5336867570877075,0.7855232954025269,0.9360893964767456,0.5291340351104736,0.5316253900527954,0.999169111251831,0.5236466526985168,0.6514323353767395,0.30134132504463196,0.5325828194618225,0.7825517654418945,0.4389629364013672
43,1.4333333333333333,1,left,170.11166948308545,168.96475421049342,,0.5365011096000671,0.5224311947822571,0.9997072815895081,0.523833155632019,0.6444694399833679,0.9323199987411499,0.5336320400238037,0.7859457731246948,0.9372507333755493,0.5356414318084717,0.532048225402832,0.999210000038147,0.5250447988510132,0.652324378490448,0.30238136649131775,0.5325589179992676,0.7826499342918396,0.4456310570240021
44,1.4666666666666666,1,left,168.96475421049342,168.96475421049342,,0.5388216972351074,0.5225055813789368,0.9997133612632751,0.5237520933151245,0.6444532871246338,0.9342672824859619,0.5336360931396484,0.7861325144767761,0.937638521194458,0.5364748239517212,0.5328800082206726,0.999229907989502,0.5247845649719238,0.6523575186729431,0.30479326844215393,0.5324804782867432,0.7831522822380066,0.45185965299606323
45,1.5,1,left,166.1092400229467,166.1092400229467,,0.5436884164810181,0.5250858068466187,0.9997226595878601,0.5232916474342346,0.6444608569145203,0.9374160170555115,0.5336348414421082,0.7854880094528198,0.941162645816803,0.5412865877151489,0.5338611006736755,0.9992597103118896,0.5245502591133118,0.6524253487586975,0.31095319986343384,0.5328758955001831,0.7826116681098938,0.4678591787815094
46,1.5333333333333334,1,left,162.94477223783093,162.94477223783093,,0.5486536622047424,0.5286747813224792,0.9997437000274658,0.5228229761123657,0.6453917026519775,0.9395017623901367,0.5341852903366089,0.7873494029045105,0.9437544941902161,0.5428198575973511,0.5382004380226135,0.9993138313293457,0.5220946073532104,0.6529524922370911,0.32516953349113464,0.5327631235122681,0.7838937640190125,0.48121219873428345
47,1.5666666666666667,1,left,158.0835983037819,158.0835983037819,,0.5527269840240479,0.5324000120162964,0.9997551441192627,0.5197328329086304,0.6467954516410828,0.9398335218429565,0.5340811610221863,0.7873765230178833,0.944075882434845,0.5474525094032288,0.541252851486206,0.9993547201156616,0.5188585519790649,0.6532949209213257,0.3340402841567993,0.5327554941177368,0.7840067148208618,0.48904258012771606
48,1.6,1,left,154.87468431684113,154.87468431684113,,0.5543422698974609,0.5354557633399963,0.9997575283050537,0.5172156095504761,0.6471392512321472,0.9386992454528809,0.5337910056114197,0.7874549031257629,0.9410087466239929,0.5510410070419312,0.5445255637168884,0.9993659257888794,0.5167272090911865,0.6524366736412048,0.33858031034469604,0.5323707461357117,0.7839995622634888,0.488491415977478
49,1.6333333333333333,1,left,150.84320752951402,150.84320752951402,,0.5574575066566467,0.5394824743270874,0.9997565746307373,0.5146278142929077,0.6475149989128113,0.9371858835220337,0.533169150352478,0.7877668142318726,0.9381104111671448,0.5531774163246155,0.549045741558075,0.9993771314620972,0.513608455657959,0.6523868441581726,0.3443710505962372,0.5316590070724487,0.7841931581497192,0.4904695451259613
50,1.6666666666666667,1,left,144.9238032911296,144.9238032911296,,0.5590835213661194,0.5456763505935669,0.999759316444397,0.5099801421165466,0.6475937366485596,0.9369572401046753,0.5330689549446106,0.7877965569496155,0.9373668432235718,0.5543056726455688,0.555616021156311,0.9993953704833984,0.5091906785964966,0.6523497104644775,0.35619598627090454,0.5316620469093323,0.7848721742630005,0.4973001182079315
51,1.7,1,left,139.14581480191583,139.14581480191583,,0.5620222687721252,0.555144727230072,0.9997677206993103,0.5069197416305542,0.6484967470169067,0.9374809861183167,0.5322387218475342,0.7877866625785828,0.9388938546180725,0.5567506551742554,0.5642078518867493,0.9994256496429443,0.5054311752319336,0.6524196267127991,0.36239150166511536,0.5310852527618408,0.7849110960960388,0.49548283219337463
52,1.7333333333333334,1,left,133.2214182403301,133.2214182403301,,0.5630892515182495,0.5624987483024597,0.9997799396514893,0.5025607347488403,0.6500464677810669,0.9400210976600647,0.5321316719055176,0.7877541780471802,0.9423317909240723,0.5571187734603882,0.5730287432670593,0.9994617104530334,0.5016990900039673,0.6536906957626343,0.371511846780777,0.5301477909088135,0.783966600894928,0.4999730587005615
53,1.7666666666666666,1,left,126.88592613412378,126.88592613412378,,0.5650421380996704,0.5724863409996033,0.9997926354408264,0.49929895997047424,0.6504916548728943,0.9422881603240967,0.5309439897537231,0.7876732349395752,0.9460707902908325,0.5565102100372314,0.5833795070648193,0.9994973540306091,0.4971548616886139,0.6538906693458557,0.3808140158653259,0.5288281440734863,0.7830798029899597,0.5031519532203674
54,1.8,1,left,120.42602765455094,120.42602765455094,,0.5664563179016113,0.5830270648002625,0.9998014569282532,0.495924711227417,0.6533419489860535,0.9441274404525757,0.5306230783462524,0.7876477837562561,0.9494534730911255,0.5561346411705017,0.592528760433197,0.9995269179344177,0.49319344758987427,0.6552133560180664,0.38444703817367554,0.5280787944793701,0.7830619812011719,0.5010825395584106
55,1.8333333333333333,1,left,115.6290605639014,115.6290605639014,,0.5670523047447205,0.591965913772583,0.999809741973877,0.49415451288223267,0.6545081734657288,0.9454832077026367,0.5298318862915039,0.7876700162887573,0.9519346356391907,0.5560683608055115,0.601652979850769,0.99955153465271,0.4892541766166687,0.6591342687606812,0.38299405574798584,0.5230951309204102,0.7830878496170044,0.49179819226264954
56,1.8666666666666667,1,left,108.76116342920567,108.76116342920567,,0.5683495998382568,0.6020078063011169,0.9998182058334351,0.4922664761543274,0.6542201638221741,0.9471243619918823,0.529769778251648,0.7876526117324829,0.9548778533935547,0.5555074214935303,0.6114282011985779,0.999577522277832,0.48560506105422974,0.659209132194519,0.39051830768585205,0.5219903588294983,0.7786530256271362,0.4944670498371124
57,1.9,1,left,102.56907732403748,102.56907732403748,,0.5685486197471619,0.6110339760780334,0.9998267292976379,0.49008089303970337,0.6548551321029663,0.9490351676940918,0.5297075510025024,0.7876736521720886,0.9577123522758484,0.5551245808601379,0.6202190518379211,0.9995991587638855,0.48305851221084595,0.6640033721923828,0.4053265154361725,0.5216825604438782,0.7776567935943604,0.5008575320243835
58,1.9333333333333333,1,left,94.49105421292877,94.49105421292877,,0.5688065886497498,0.6227130889892578,0.9998298287391663,0.48714733123779297,0.6557736992835999,0.950888454914093,0.5288813710212708,0.7877352833747864,0.9603625535964966,0.5550104379653931,0.6306025981903076,0.9996176958084106,0.48088616132736206,0.6664403080940247,0.4196949899196625,0.5198516845703125,0.7775949835777283,0.5139806270599365
59,1.9666666666666666,1,left,89.09431693340393,89.09431693340393,,0.5690622925758362,0.6302357912063599,0.9998344779014587,0.48480716347694397,0.6569648385047913,0.9530432224273682,0.528710663318634,0.7881271243095398,0.9626299142837524,0.5548611283302307,0.6392067670822144,0.9996344447135925,0.4791012704372406,0.6691961884498596,0.43048426508903503,0.520270049571991,0.7782241106033325,0.5168966054916382
60,2.0,1,left,83.72106675630232,83.72106675630232,,0.5692332983016968,0.6380674839019775,0.9998326897621155,0.4842875003814697,0.6567636132240295,0.9556000232696533,0.5286958813667297,0.7880263924598694,0.9648637175559998,0.5547469854354858,0.6491842269897461,0.9996358156204224,0.475367933511734,0.6756631135940552,0.4481133222579956,0.5183444023132324,0.7778019309043884,0.522033154964447
61,2.033333333333333,1,left,77.89695225957266,77.89695225957266,,0.5693892240524292,0.6466718912124634,0.9998326301574707,0.484037309885025,0.6566611528396606,0.9565767049789429,0.5287141799926758,0.788061261177063,0.9663436412811279,0.5546590089797974,0.6589480638504028,0.9996383190155029,0.4762134552001953,0.6731423139572144,0.45517539978027344,0.5184417963027954,0.7779272198677063,0.5233131051063538
62,2.066666666666667,1,left,71.36371335344208,71.36371335344208,,0.5691961050033569,0.6567885875701904,0.9998272061347961,0.4846763610839844,0.6565675735473633,0.9572839140892029,0.5286358594894409,0.7880519032478333,0.9674980640411377,0.5546501874923706,0.6677976250648499,0.99962317943573,0.4767022728919983,0.6717836856842041,0.4535808861255646,0.5186886191368103,0.7780163288116455,0.5206146836280823
63,2.1,1,left,66.98810854987312,66.98810854987312,,0.568999707698822,0.6633673310279846,0.9997989535331726,0.4852364659309387,0.6564732789993286,0.956994891166687,0.5285872220993042,0.7875015139579773,0.9682146906852722,0.5545450448989868,0.6756919026374817,0.9995668530464172,0.47714242339134216,0.671358048915863,0.45491746068000793,0.5193139910697937,0.7781295776367188,0.5202317833900452
64,2.1333333333333333,1,left,62.51031672805532,62.51031672805532,,0.5688282251358032,0.6696484088897705,0.9997684359550476,0.48464235663414,0.6564454436302185,0.9566827416419983,0.5286743640899658,0.7874614596366882,0.9687346816062927,0.5544987320899963,0.6804184317588806,0.9994983673095703,0.47695285081863403,0.6710236668586731,0.4527350664138794,0.5195876359939575,0.7765328288078308,0.5186038613319397
65,2.1666666666666665,1,left,58.227555560615336,58.227555560615336,,0.5686983466148376,0.6759150624275208,0.9997135400772095,0.48385682702064514,0.6566236615180969,0.9552115201950073,0.5285902619361877,0.7868176102638245,0.9687608480453491,0.5544297099113464,0.6851810812950134,0.9993690848350525,0.47674041986465454,0.6708780527114868,0.444499671459198,0.5197468400001526,0.7756443023681641,0.516194224357605
66,2.2,1,left,54.10459125702458,54.10459125702458,,0.5686742067337036,0.6820924878120422,0.99966961145401,0.48338407278060913,0.6565677523612976,0.9549993872642517,0.5282907485961914,0.7852720618247986,0.9690648317337036,0.5544986128807068,0.6907117366790771,0.9992511868476868,0.4766167998313904,0.6714057922363281,0.4413700997829437,0.5196704864501953,0.7729848623275757,0.516917884349823
67,2.2333333333333334,1,left,49.91984099859724,49.91984099859724,,0.5686748027801514,0.6905072927474976,0.9996355772018433,0.4833025336265564,0.6584239602088928,0.9551331996917725,0.5278277397155762,0.7842731475830078,0.968663215637207,0.554655134677887,0.6966421604156494,0.9991850256919861,0.47711509466171265,0.670671820640564,0.44108885526657104,0.5198065042495728,0.7694945931434631,0.523363471031189
68,2.2666666666666666,1,left,45.776245878298845,45.776245878298845,,0.5689924955368042,0.6981446743011475,0.9995694160461426,0.48350754380226135,0.6585028767585754,0.9540399312973022,0.5273786187171936,0.7834624648094177,0.9671736359596252,0.5555648803710938,0.704189121723175,0.9990768432617188,0.47746753692626953,0.6689460277557373,0.43339669704437256,0.5200839042663574,0.7698277235031128,0.5221935510635376
69,2.3,1,left,42.94822775563202,42.94822775563202,,0.5694177150726318,0.7036548852920532,0.9994392395019531,0.4834173321723938,0.6585701107978821,0.9500932097434998,0.5272228121757507,0.7830562591552734,0.9654105305671692,0.5601951479911804,0.7070139646530151,0.99884432554245,0.4775157868862152,0.6688901782035828,0.4141027629375458,0.5214834213256836,0.7701734304428101,0.504166841506958
70,2.3333333333333335,1,left,41.62810645364616,41.62810645364616,,0.5698727369308472,0.7063665390014648,0.9993833899497986,0.48357635736465454,0.6585371494293213,0.9480293393135071,0.5273773670196533,0.7830925583839417,0.9634851813316345,0.561464786529541,0.7104988098144531,0.9987613558769226,0.4779403805732727,0.668868899345398,0.396937757730484,0.522624135017395,0.7702888250350952,0.48756417632102966
71,2.3666666666666667,1,left,40.337935508105645,40.337935508105645,,0.5705013275146484,0.7091881632804871,0.999315083026886,0.48365792632102966,0.6582886576652527,0.9465124011039734,0.5273439288139343,0.783125638961792,0.9628199934959412,0.5622345209121704,0.7126724720001221,0.998653769493103,0.47829556465148926,0.6688394546508789,0.3807518184185028,0.5230475664138794,0.7711460590362549,0.47465381026268005
72,2.4,1,left,38.96137082270782,38.96137082270782,,0.5708194971084595,0.7119165062904358,0.9992322325706482,0.48396509885787964,0.657725989818573,0.944064736366272,0.5273529887199402,0.7831812500953674,0.9605545997619629,0.562304675579071,0.715972900390625,0.998525083065033,0.47861313819885254,0.6688089370727539,0.36586594581604004,0.5236363410949707,0.7725123167037964,0.4595244526863098
73,2.433333333333333,1,left,38.23508642821305,38.23508642821305,,0.5708779096603394,0.7137680053710938,0.9991373419761658,0.4840310215950012,0.6577087044715881,0.9423719048500061,0.5273350477218628,0.7840250730514526,0.9587130546569824,0.5622427463531494,0.717492938041687,0.9983800053596497,0.47931843996047974,0.6686457991600037,0.35643211007118225,0.5240162014961243,0.7739030122756958,0.4509739279747009
74,2.466666666666667,1,left,38.02588937447457,38.02588937447457,,0.5711532831192017,0.714602530002594,0.9990887641906738,0.48425307869911194,0.6577042937278748,0.9416860938072205,0.5272835493087769,0.7844012379646301,0.9572023749351501,0.5621152520179749,0.7186424136161804,0.9983083605766296,0.47991910576820374,0.6687286496162415,0.34969305992126465,0.5240250825881958,0.7739609479904175,0.4457962214946747
75,2.5,1,left,37.97236852826297,38.02588937447457,,0.5714854598045349,0.714965283870697,0.999042272567749,0.4842960834503174,0.657680332660675,0.941158652305603,0.5272985100746155,0.7845649719238281,0.9559993147850037,0.5620065927505493,0.7183580994606018,0.9982403516769409,0.4807254374027252,0.6680690050125122,0.3427369296550751,0.524034321308136,0.7739991545677185,0.4402768611907959
76,2.533333333333333,1,left,37.950010717102366,38.02588937447457,,0.571649432182312,0.715282678604126,0.9990208148956299,0.48452821373939514,0.6576617360115051,0.9418888092041016,0.5272982716560364,0.7849722504615784,0.9558137655258179,0.5619117021560669,0.7178180813789368,0.9982172250747681,0.4807424545288086,0.668133556842804,0.3429306745529175,0.5239155888557434,0.7740877866744995,0.4443002939224243
77,2.566666666666667,1,left,38.055176058432295,38.055176058432295,,0.5721043944358826,0.7155332565307617,0.9989676475524902,0.4846518635749817,0.6578171849250793,0.9422685503959656,0.5272499322891235,0.7849730253219604,0.9546421766281128,0.5619080662727356,0.7181957960128784,0.9981556534767151,0.4808201789855957,0.6684471964836121,0.3424018919467926,0.52391517162323,0.7738968133926392,0.4473463296890259
78,2.6,1,left,38.72606406705808,38.72606406705808,,0.5726112127304077,0.7145280838012695,0.9989067316055298,0.48477664589881897,0.6581599116325378,0.9412902593612671,0.5274275541305542,0.7850156426429749,0.9518871903419495,0.562445878982544,0.7179462313652039,0.998092532157898,0.4817625880241394,0.6691949963569641,0.33880844712257385,0.5243239998817444,0.7739343643188477,0.44304338097572327
79,2.6333333333333333,1,left,38.748896356956614,38.748896356956614,,0.5726140737533569,0.7143827080726624,0.9988577365875244,0.48486050963401794,0.6580779552459717,0.9415647983551025,0.5274938344955444,0.785010039806366,0.9508522748947144,0.5624092221260071,0.7175620198249817,0.9980219602584839,0.48177218437194824,0.6697704195976257,0.33809441328048706,0.524493396282196,0.7747716307640076,0.4421660006046295
80,2.6666666666666665,1,left,38.84649727409216,38.84649727409216,,0.5727399587631226,0.7142377495765686,0.9988113045692444,0.48490071296691895,0.6580675840377808,0.9414291977882385,0.5274983644485474,0.7849662899971008,0.949806809425354,0.5624986886978149,0.7169901728630066,0.9979636669158936,0.4818938672542572,0.6697555780410767,0.336039274930954,0.5244323015213013,0.7746488451957703,0.44314146041870117
81,2.7,1,left,39.14626803039527,39.14626803039527,,0.5728837847709656,0.7134835720062256,0.9987190961837769,0.4849514961242676,0.6578344702720642,0.9409714341163635,0.5275449156761169,0.7849445939064026,0.9484188556671143,0.5626239776611328,0.7166858911514282,0.9978457689285278,0.48190242052078247,0.6698523759841919,0.33319294452667236,0.5245643258094788,0.7761073708534241,0.43998631834983826
82,2.7333333333333334,1,left,39.30843495511978,39.30843495511978,,0.5729246735572815,0.7132101655006409,0.9986696839332581,0.48497438430786133,0.6579919457435608,0.9414718151092529,0.5275450944900513,0.7847110033035278,0.9481804370880127,0.5626018643379211,0.7162202596664429,0.9978043437004089,0.4819229543209076,0.6698830723762512,0.33334168791770935,0.5246068239212036,0.7765002846717834,0.44399699568748474
83,2.7666666666666666,1,left,40.292927845120914,40.292927845120914,,0.573022723197937,0.7112147808074951,0.998611330986023,0.4850023686885834,0.6579698324203491,0.9403848052024841,0.527380108833313,0.7843548655509949,0.9473639130592346,0.5627049207687378,0.7145936489105225,0.9977562427520752,0.481926828622818,0.6692946553230286,0.3274044692516327,0.5245791077613831,0.7764772176742554,0.4407142996788025
84,2.8,1,left,42.70026766966756,42.70026766966756,,0.5730603933334351,0.7062694430351257,0.9985402226448059,0.48504242300987244,0.657849133014679,0.9386318922042847,0.5273565053939819,0.784432053565979,0.9471362829208374,0.5633519291877747,0.7117650508880615,0.9976628422737122,0.481917142868042,0.6691299080848694,0.32037946581840515,0.5245360136032104,0.7764696478843689,0.4343157708644867
85,2.8333333333333335,1,left,44.99846005146436,44.99846005146436,,0.573122501373291,0.7022648453712463,0.9985319972038269,0.4850617051124573,0.6584435105323792,0.9371152520179749,0.5273321866989136,0.7844446897506714,0.9462258815765381,0.5644888281822205,0.7087361812591553,0.9976521134376526,0.4818727374076843,0.6691092252731323,0.3118033707141876,0.524489164352417,0.7764369249343872,0.4249160587787628
86,2.8666666666666667,1,left,48.760981406059244,48.760981406059244,,0.5731152296066284,0.6954180002212524,0.9984921813011169,0.4846910834312439,0.6588037014007568,0.9335285425186157,0.527320384979248,0.784416139125824,0.9434379935264587,0.565545916557312,0.703781247138977,0.9976018071174622,0.4818706512451172,0.6693418622016907,0.3039683997631073,0.5247995257377625,0.7774240374565125,0.4137648344039917
87,2.9,1,left,52.732942203035826,52.732942203035826,,0.5732090473175049,0.6889645457267761,0.9985464215278625,0.4833574891090393,0.6598503589630127,0.9329733848571777,0.5273433923721313,0.7853601574897766,0.9427783489227295,0.5657956600189209,0.6948071122169495,0.9976326823234558,0.4812370836734772,0.6696156859397888,0.30324891209602356,0.5246561169624329,0.7774242758750916,0.40694209933280945
88,2.933333333333333,1,left,58.350313923841085,58.350313923841085,,0.5733522772789001,0.6786364912986755,0.998621940612793,0.4835377335548401,0.6585582494735718,0.9326592683792114,0.5273436903953552,0.7854325771331787,0.9438258409500122,0.5653249025344849,0.6875376105308533,0.9976939558982849,0.47938328981399536,0.6708811521530151,0.30994027853012085,0.5231125950813293,0.7772836089134216,0.4071952700614929
89,2.966666666666667,1,left,64.93782939206216,64.93782939206216,,0.5735684037208557,0.6681537628173828,0.9986799955368042,0.4835217595100403,0.6586386561393738,0.9327360987663269,0.5272572636604309,0.7854387164115906,0.945751428604126,0.5627543926239014,0.679245114326477,0.9977220296859741,0.4782119691371918,0.6706121563911438,0.3221869468688965,0.5205850601196289,0.7765772938728333,0.41205862164497375
90,3.0,1,left,69.26218479605417,69.26218479605417,,0.5731257796287537,0.6604773998260498,0.9987287521362305,0.4817829132080078,0.6586571931838989,0.9348053932189941,0.5269571542739868,0.78554767370224,0.9487622976303101,0.5627100467681885,0.6689031720161438,0.9977544546127319,0.47763219475746155,0.668957531452179,0.33131012320518494,0.520342230796814,0.7765119671821594,0.4198192358016968
91,3.033333333333333,1,left,75.16318870415627,75.16318870415627,,0.5720292329788208,0.6509675979614258,0.9987823367118835,0.48117247223854065,0.6589416861534119,0.937537431716919,0.5270177125930786,0.7859162092208862,0.9515843987464905,0.5611811876296997,0.659544825553894,0.9978436827659607,0.47687381505966187,0.6684411764144897,0.34789004921913147,0.5202255845069885,0.7770644426345825,0.4331110119819641
92,3.066666666666667,1,left,82.57994619937757,82.57994619937757,,0.5718673467636108,0.638321042060852,0.9988901615142822,0.4812896251678467,0.6587291955947876,0.941792905330658,0.5279801487922668,0.7861971259117126,0.9552146196365356,0.5604190826416016,0.6511424779891968,0.9980261325836182,0.4769742488861084,0.6681784391403198,0.37531575560569763,0.5202773213386536,0.7777373790740967,0.44950729608535767
93,3.1,1,left,90.38892572140296,90.38892572140296,,0.5718134045600891,0.6249949336051941,0.9989780187606812,0.4818268418312073,0.6586759090423584,0.9449165463447571,0.5285978317260742,0.7862669825553894,0.9577679634094238,0.5600640177726746,0.6382383108139038,0.9981780648231506,0.4785282015800476,0.6684648990631104,0.39720824360847473,0.5217380523681641,0.7795893549919128,0.4595322906970978
94,3.1333333333333333,1,left,97.84384858099381,97.84384858099381,,0.569431722164154,0.6148126125335693,0.999064564704895,0.482318252325058,0.6613532900810242,0.9483023881912231,0.5288620591163635,0.7873825430870056,0.9605816602706909,0.5588823556900024,0.6250839233398438,0.9983339905738831,0.4795982241630554,0.6684815883636475,0.4165548086166382,0.5221495628356934,0.7802339196205139,0.47362199425697327
95,3.1666666666666665,1,left,104.7907866644842,104.7907866644842,,0.5661158561706543,0.6032031774520874,0.9991425275802612,0.4827064573764801,0.6614124774932861,0.9506282806396484,0.5288500189781189,0.7873733639717102,0.9628250598907471,0.5569354295730591,0.6116024851799011,0.9984688758850098,0.4803946614265442,0.6669580936431885,0.4251553416252136,0.5218552947044373,0.7795104384422302,0.4776737689971924
96,3.2,1,left,110.30401868195135,110.30401868195135,,0.564388632774353,0.5942490100860596,0.9992161989212036,0.48428839445114136,0.6616554856300354,0.9526715874671936,0.5295449495315552,0.7875155806541443,0.9648838639259338,0.5546684265136719,0.6015346646308899,0.9985944628715515,0.48121458292007446,0.6642277836799622,0.43246668577194214,0.5213207006454468,0.7782289981842041,0.4820806384086609
97,3.2333333333333334,1,left,117.74135774382495,117.74135774382495,,0.561015248298645,0.5815885066986084,0.9992714524269104,0.48609066009521484,0.6612799763679504,0.9539384245872498,0.5296152830123901,0.787509024143219,0.9660515189170837,0.5525421500205994,0.5879329442977905,0.998683750629425,0.4834654927253723,0.6598253846168518,0.4326370656490326,0.5213688611984253,0.7780306339263916,0.48188093304634094
98,3.2666666666666666,1,left,124.32573911076327,124.32573911076327,,0.5576325058937073,0.5696747899055481,0.9993242621421814,0.48830896615982056,0.6593090295791626,0.9547370672225952,0.5296325087547302,0.7868250012397766,0.9663279056549072,0.5504240989685059,0.5779029130935669,0.9987707734107971,0.4869188666343689,0.6578435301780701,0.42656731605529785,0.5232335329055786,0.7787971496582031,0.47781679034233093
99,3.3,1,left,131.89459133836996,131.89459133836996,,0.5548555850982666,0.55843186378479,0.9993779063224792,0.49290362000465393,0.656160295009613,0.9557222127914429,0.5297203063964844,0.7868421077728271,0.9660065174102783,0.5465685725212097,0.5691808462142944,0.9988629221916199,0.4914640486240387,0.6575043201446533,0.4294299781322479,0.5246775150299072,0.7827669382095337,0.48384466767311096
100,3.3333333333333335,1,left,139.9179992698613,139.9179992698613,,0.5512682199478149,0.5481899380683899,0.9994277358055115,0.49820423126220703,0.6538839340209961,0.9575554132461548,0.52992182970047,0.7867845892906189,0.9657644033432007,0.5403820276260376,0.5612269639968872,0.9989520907402039,0.4957945942878723,0.6575505137443542,0.44698137044906616,0.5258817672729492,0.7848923802375793,0.49988991022109985
101,3.3666666666666667,1,left,145.44169086861453,145.44169086861453,,0.5484205484390259,0.5390310287475586,0.9994734525680542,0.5017061829566956,0.6512110233306885,0.9594881534576416,0.5304190516471863,0.7868726849555969,0.9661912322044373,0.5371255874633789,0.5521783232688904,0.9990275502204895,0.5014699697494507,0.6579261422157288,0.4480096399784088,0.5275126099586487,0.7857006788253784,0.5091121196746826
102,3.4,1,left,151.86983542913475,151.86983542913475,,0.5441663265228271,0.5321508646011353,0.9995153546333313,0.5065402984619141,0.6472688317298889,0.9610822200775146,0.5312657356262207,0.7870612740516663,0.9656072854995728,0.5338489413261414,0.5443428158760071,0.9990988373756409,0.5062733888626099,0.6561930775642395,0.4487450420856476,0.5292596220970154,0.7866292595863342,0.515967607498169
103,3.433333333333333,1,left,157.75521159048225,157.75521159048225,,0.5400850772857666,0.5260984897613525,0.9995490908622742,0.5106316804885864,0.6451160907745361,0.9622753858566284,0.5314258337020874,0.7868751883506775,0.9636183381080627,0.5313727855682373,0.5354543328285217,0.9991527795791626,0.513685405254364,0.6518489122390747,0.4442165791988373,0.5292297601699829,0.7862088680267334,0.5163800120353699
104,3.466666666666667,1,left,160.94957434607198,160.94957434607198,,0.5382432341575623,0.5242685079574585,0.9995738863945007,0.5133761167526245,0.6435153484344482,0.9619402289390564,0.5315722227096558,0.7861294150352478,0.9614645838737488,0.5310622453689575,0.5319069623947144,0.9991811513900757,0.5177971124649048,0.6517769694328308,0.433482825756073,0.5299398899078369,0.7860174775123596,0.5097616910934448
105,3.5,1,left,166.38909369535864,166.38909369535864,,0.534356951713562,0.519760012626648,0.9995917081832886,0.517339825630188,0.6416257619857788,0.9603363871574402,0.5315870642662048,0.7853386402130127,0.9581273794174194,0.5295011401176453,0.5295278429985046,0.9991979598999023,0.5206760168075562,0.6505036950111389,0.4369663894176483,0.5307224988937378,0.7857208847999573,0.5134243369102478
106,3.533333333333333,1,left,171.12784756849726,171.12784756849726,,0.5292547941207886,0.5191392302513123,0.9995996952056885,0.5201801061630249,0.6427792906761169,0.9518914222717285,0.5318796038627625,0.7858659625053406,0.9518535733222961,0.5284232497215271,0.5301020741462708,0.9991318583488464,0.524668276309967,0.6510360836982727,0.42520222067832947,0.5317623019218445,0.7858730554580688,0.5003505945205688
107,3.566666666666667,1,left,171.42691795688452,171.42691795688452,,0.5277410745620728,0.5197135806083679,0.9996216297149658,0.5202232003211975,0.6421560645103455,0.9484003186225891,0.5328587293624878,0.784871518611908,0.9500243663787842,0.5236185789108276,0.5307632088661194,0.9991576671600342,0.5230817198753357,0.6478436589241028,0.4165153503417969,0.5327675938606262,0.784243643283844,0.4978436529636383
108,3.6,1,left,174.03700112413676,174.03700112413676,,0.5266610383987427,0.5206384062767029,0.9996411800384521,0.5227850675582886,0.6425914168357849,0.944191038608551,0.5331087708473206,0.7851280570030212,0.9473042488098145,0.5199981331825256,0.5325906872749329,0.9991700053215027,0.5228042602539062,0.6481773853302002,0.4166736900806427,0.5325969457626343,0.7851346731185913,0.5001333951950073
109,3.6333333333333333,1,left,175.00230434430065,175.00230434430065,,0.5245473980903625,0.5230132937431335,0.9996355772018433,0.5226349830627441,0.6449533104896545,0.9397191405296326,0.5326576232910156,0.7848042249679565,0.9450663328170776,0.5192070603370667,0.5338579416275024,0.9991475343704224,0.5239627361297607,0.6507884860038757,0.41821253299713135,0.5325307846069336,0.7852734327316284,0.5051327347755432
110,3.6666666666666665,1,left,175.45260314651748,175.00230434430065,,0.5239496827125549,0.5241366624832153,0.9996399283409119,0.5228431224822998,0.6463187336921692,0.9390527009963989,0.5325658917427063,0.7843738198280334,0.9450356960296631,0.5190021395683289,0.5342639088630676,0.9991447329521179,0.5239128470420837,0.6515052914619446,0.419780433177948,0.5323241949081421,0.7849006652832031,0.5111539959907532
111,3.7,1,left,175.18091362985942,175.00230434430065,,0.5234823822975159,0.5241479277610779,0.9996446371078491,0.5221990346908569,0.6468579769134521,0.9380883574485779,0.5323331952095032,0.7842062711715698,0.9439584612846375,0.5186907052993774,0.5345870852470398,0.9991546869277954,0.5233921408653259,0.6525077819824219,0.4158541262149811,0.5321818590164185,0.784837007522583,0.5107244253158569
112,3.7333333333333334,1,left,174.6954508824869,174.72414529167585,,0.5235303044319153,0.5247370004653931,0.9996507167816162,0.5216636657714844,0.6476238965988159,0.9393355250358582,0.5322796106338501,0.7845190167427063,0.9455549120903015,0.5175049304962158,0.5353716611862183,0.9991442561149597,0.5226346254348755,0.6530993580818176,0.41976845264434814,0.5320216417312622,0.7847713232040405,0.5192896127700806
113,3.7666666666666666,1,left,174.72414529167585,174.6954508824869,,0.5236010551452637,0.5247755646705627,0.999659538269043,0.521682858467102,0.6481196880340576,0.9417828917503357,0.5321630835533142,0.7847936749458313,0.947597324848175,0.5180034637451172,0.535725474357605,0.9991466999053955,0.5226188898086548,0.6538013219833374,0.4308242201805115,0.5319386720657349,0.7847455143928528,0.533630907535553
114,3.8,1,left,174.22827577511296,174.22827577511296,,0.5238659381866455,0.5243180394172668,0.9996761679649353,0.5212317705154419,0.6481324434280396,0.9431602358818054,0.5321251153945923,0.784929633140564,0.9486117959022522,0.5173236131668091,0.5355875492095947,0.9991827011108398,0.522208571434021,0.6539984345436096,0.4337478280067444,0.5318586230278015,0.7847142815589905,0.5376502275466919
115,3.8333333333333335,1,left,174.05765748723516,174.05765748723516,,0.5240613222122192,0.523868203163147,0.9996907711029053,0.5211338996887207,0.6481493711471558,0.9445087909698486,0.5321115851402283,0.7847980260848999,0.9493518471717834,0.5170179605484009,0.5350847244262695,0.9992163777351379,0.5224698781967163,0.6542720794677734,0.43802449107170105,0.5317697525024414,0.7846896052360535,0.542340099811554
116,3.8666666666666667,1,left,174.00129406674031,174.03499353511805,,0.5240508913993835,0.523388683795929,0.9997027516365051,0.5210515260696411,0.6480330228805542,0.9453039169311523,0.5321024656295776,0.7847789525985718,0.9498714804649353,0.5170294642448425,0.5348559021949768,0.9992357492446899,0.5224933624267578,0.6542865633964539,0.44085752964019775,0.5317020416259766,0.7846705317497253,0.5446221232414246
117,3.9,1,left,174.03499353511805,174.00480307964392,,0.5240429043769836,0.5227554440498352,0.9997128248214722,0.5210673809051514,0.6477335095405579,0.946326732635498,0.5320962071418762,0.784774661064148,0.9504683613777161,0.5174046754837036,0.5343539118766785,0.9992486238479614,0.5227136015892029,0.6543047428131104,0.4419473707675934,0.5316697359085083,0.7846716046333313,0.5465027093887329
118,3.933333333333333,1,left,174.00480307964392,174.00480307964392,,0.5242342948913574,0.5229193568229675,0.9997222423553467,0.5212857127189636,0.647541344165802,0.9475849270820618,0.5324272513389587,0.7848240733146667,0.9518980383872986,0.5174266695976257,0.5342908501625061,0.9992585778236389,0.5226636528968811,0.6543185710906982,0.44596317410469055,0.5316241979598999,0.7845419645309448,0.5523579716682434
119,3.966666666666667,1,left,173.93149301047333,174.03499353511805,,0.5243918299674988,0.5229598879814148,0.9997316002845764,0.5212844014167786,0.6475473046302795,0.9494023323059082,0.532436728477478,0.7849651575088501,0.9532272219657898,0.5173181295394897,0.5343387126922607,0.9992809891700745,0.5225714445114136,0.6543272137641907,0.4535810053348541,0.5316072106361389,0.784468948841095,0.5596906542778015
120,4.0,1,left,174.1644265287232,174.09555375588602,,0.5244964957237244,0.5225417017936707,0.9997392892837524,0.5216262340545654,0.6475303769111633,0.9510091543197632,0.5325174331665039,0.7852996587753296,0.9542393088340759,0.5171980857849121,0.5341073870658875,0.99930340051651,0.5225332379341125,0.6543100476264954,0.4610695242881775,0.5314871072769165,0.7844623923301697,0.5660819411277771
121,4.033333333333333,1,left,174.18559656826952,174.09555375588602,,0.52471524477005,0.5226777791976929,0.9997419118881226,0.5218181610107422,0.647525429725647,0.9518605470657349,0.5326176881790161,0.785204291343689,0.9546344876289368,0.5172005891799927,0.5342119932174683,0.9993006587028503,0.5224642753601074,0.6543674468994141,0.46326392889022827,0.5314597487449646,0.7843825221061707,0.5665436387062073
122,4.066666666666666,1,left,174.09555375588602,174.09555375588602,,0.5255442261695862,0.522608757019043,0.9997514486312866,0.5221760869026184,0.6468485593795776,0.9525269269943237,0.5326690673828125,0.7847416400909424,0.9540939927101135,0.5172654390335083,0.5342753529548645,0.9993204474449158,0.5225154161453247,0.6543771028518677,0.4650498628616333,0.5314728021621704,0.7842836380004883,0.5653387904167175
123,4.1,1,left,173.9661701880556,173.9661701880556,,0.5257887244224548,0.521815836429596,0.9997546076774597,0.5220820903778076,0.6468546986579895,0.9526591300964355,0.5325040817260742,0.7843120694160461,0.9527559280395508,0.5186659097671509,0.5335193276405334,0.9993225336074829,0.5224786996841431,0.6545485854148865,0.4616813361644745,0.5313020944595337,0.7844094634056091,0.5580626726150513
124,4.133333333333334,1,left,173.56737278155651,173.56737278155651,,0.5264543294906616,0.5218961834907532,0.9997584819793701,0.5219658613204956,0.647294282913208,0.9522792100906372,0.5324732065200806,0.784391462802887,0.9519563317298889,0.5195481181144714,0.5336024761199951,0.999330997467041,0.5221323370933533,0.6550710201263428,0.4565006494522095,0.5308557748794556,0.7847583293914795,0.5531046986579895
125,4.166666666666667,1,left,172.62357525204584,172.62357525204584,,0.5275138020515442,0.5207844376564026,0.9997608661651611,0.5215919017791748,0.6459651589393616,0.9486316442489624,0.5328959226608276,0.7844064831733704,0.9473004341125488,0.5203242301940918,0.5332090854644775,0.9993081092834473,0.5217081308364868,0.6541287302970886,0.44331902265548706,0.5310490727424622,0.7847226858139038,0.5348290801048279
126,4.2,1,left,171.18635280663432,171.18635280663432,,0.5287155508995056,0.5207282304763794,0.9997739791870117,0.520628035068512,0.6445500254631042,0.9471056461334229,0.533067524433136,0.7845765948295593,0.9459075331687927,0.5225954055786133,0.5327268838882446,0.999334454536438,0.5210614800453186,0.6520217657089233,0.43619972467422485,0.5310477614402771,0.7844675779342651,0.5236037373542786
127,4.233333333333333,1,left,167.7234587862121,167.7234587862121,,0.5330838561058044,0.5222535133361816,0.999782919883728,0.5186553597450256,0.6441766023635864,0.9454003572463989,0.5323352217674255,0.7855364084243774,0.9434531927108765,0.5259078145027161,0.5332260727882385,0.9993519186973572,0.5203667283058167,0.651002049446106,0.42872992157936096,0.5299515724182129,0.7849719524383545,0.5106817483901978
128,4.266666666666667,1,left,163.6112169514134,163.6112169514134,,0.5389159917831421,0.5239853262901306,0.9997884035110474,0.517053484916687,0.6442260146141052,0.947636067867279,0.5321143269538879,0.7855348587036133,0.9439795017242432,0.5276016592979431,0.5335555672645569,0.9993805885314941,0.5191553235054016,0.6521947383880615,0.4211512804031372,0.5299018025398254,0.7848333120346069,0.5005967617034912
129,4.3,1,left,157.75914505686728,157.75914505686728,,0.5424940586090088,0.5294047594070435,0.9997865557670593,0.5128130912780762,0.6443655490875244,0.9492744207382202,0.5322055816650391,0.7865955233573914,0.9432991147041321,0.5326758623123169,0.5365172624588013,0.9994113445281982,0.5141887068748474,0.6523960828781128,0.4106524586677551,0.5299550294876099,0.7849563360214233,0.4954454004764557
130,4.333333333333333,1,left,154.5016263663111,154.5016263663111,,0.5449373126029968,0.5344159603118896,0.9997831583023071,0.5108499526977539,0.6470364332199097,0.9514539241790771,0.532206118106842,0.787276566028595,0.9444627165794373,0.5367390513420105,0.5401723980903625,0.9994339346885681,0.5126011371612549,0.653084933757782,0.4056658446788788,0.5299832820892334,0.7849252820014954,0.4966764450073242
131,4.366666666666666,1,left,149.14672086946467,149.14672086946467,,0.549303412437439,0.5420045256614685,0.9997832179069519,0.5079067349433899,0.6497378945350647,0.9538132548332214,0.532210111618042,0.7899441123008728,0.9463632106781006,0.5395679473876953,0.5470244884490967,0.9994558691978455,0.5078232288360596,0.6537174582481384,0.399456262588501,0.5292771458625793,0.7853119373321533,0.4972332715988159
132,4.4,1,left,144.1744680910897,144.1744680910897,,0.5516260266304016,0.5481436848640442,0.9997922778129578,0.5047182440757751,0.6501560807228088,0.9563231468200684,0.5321986079216003,0.7898193597793579,0.9489920139312744,0.5387974381446838,0.5545698404312134,0.9994889497756958,0.5035150647163391,0.6568381786346436,0.4041596055030823,0.5289734601974487,0.7856029868125916,0.5063760876655579
133,4.433333333333334,1,left,140.27691554575483,140.27691554575483,,0.5542152523994446,0.5547570586204529,0.9997965097427368,0.5029059648513794,0.6517118215560913,0.9576274156570435,0.5318268537521362,0.7897281646728516,0.9508511424064636,0.5421439409255981,0.5632487535476685,0.9995089769363403,0.49927276372909546,0.6585422158241272,0.41468459367752075,0.5284923911094666,0.7863353490829468,0.5157787799835205
134,4.466666666666667,1,left,134.98928354214527,134.98928354214527,,0.5574034452438354,0.5615741610527039,0.9997996091842651,0.5001457929611206,0.6535980701446533,0.9592487812042236,0.5318649411201477,0.789680540561676,0.9531312584877014,0.5461316704750061,0.5703772902488708,0.9995261430740356,0.496391236782074,0.6588684320449829,0.4226618707180023,0.5281482338905334,0.7859278321266174,0.5222622156143188
135,4.5,1,left,130.00583411058662,130.00583411058662,,0.5614405870437622,0.5680007338523865,0.999807596206665,0.498285710811615,0.6537503004074097,0.9608905911445618,0.5312110185623169,0.7896149754524231,0.9557549953460693,0.5504803657531738,0.5772797465324402,0.9995514750480652,0.49419093132019043,0.6588451862335205,0.42976534366607666,0.527080774307251,0.785984992980957,0.5266291499137878
136,4.533333333333333,1,left,123.25503473830666,123.25503473830666,,0.563562273979187,0.5763728022575378,0.9998185634613037,0.4944989085197449,0.6534315347671509,0.9619806408882141,0.530474066734314,0.7888558506965637,0.9584262371063232,0.5531719923019409,0.5856329798698425,0.9995801448822021,0.49138903617858887,0.6588378548622131,0.43435463309288025,0.5269691348075867,0.7842972278594971,0.5247246623039246
137,4.566666666666666,1,left,118.68566764293948,118.68566764293948,,0.5647119283676147,0.5840767025947571,0.9998295307159424,0.49262404441833496,0.6543891429901123,0.9626784920692444,0.5298846960067749,0.7878417372703552,0.9609512686729431,0.5552200078964233,0.5929147005081177,0.9996076226234436,0.49092555046081543,0.6591435670852661,0.43046364188194275,0.5265375971794128,0.7823315858840942,0.5208988189697266
138,4.6,1,left,113.8138201302497,113.8138201302497,,0.5661083459854126,0.5925384163856506,0.9998376369476318,0.49105486273765564,0.6547115445137024,0.962497353553772,0.5287266969680786,0.7876284718513489,0.9630608558654785,0.5544768571853638,0.6018530130386353,0.9996276497840881,0.4876411557197571,0.6602774262428284,0.42624643445014954,0.5264469385147095,0.7822741270065308,0.5171869397163391
139,4.633333333333334,1,left,109.3470759720252,109.3470759720252,,0.5664979219436646,0.5991597771644592,0.999847412109375,0.4896239638328552,0.6544745564460754,0.9627205729484558,0.5287868976593018,0.7876255512237549,0.9651010036468506,0.5543572902679443,0.6083946824073792,0.9996508359909058,0.484565407037735,0.6617353558540344,0.42202410101890564,0.5244990587234497,0.7816982865333557,0.5107705593109131
140,4.666666666666667,1,left,105.18400303361896,105.18400303361896,,0.5672762989997864,0.6057882308959961,0.9998566508293152,0.4888830780982971,0.6543554067611694,0.9629722833633423,0.5286040306091309,0.7876343131065369,0.9671434760093689,0.555033802986145,0.6146300435066223,0.9996708035469055,0.4830162525177002,0.6618884801864624,0.4194084405899048,0.5228356122970581,0.7811225652694702,0.5081958770751953
141,4.7,1,left,100.02573933901702,100.02573933901702,,0.5680986642837524,0.6144716739654541,0.9998618364334106,0.48766177892684937,0.6560432314872742,0.9638705849647522,0.5286610722541809,0.7876349091529846,0.9690998792648315,0.5566071271896362,0.624203085899353,0.999687910079956,0.4828590750694275,0.6660370230674744,0.4261121153831482,0.5220448970794678,0.7807585000991821,0.5173732042312622
142,4.733333333333333,1,left,94.98085811613463,94.98085811613463,,0.5690923929214478,0.6222280263900757,0.9998672008514404,0.4868846833705902,0.656448483467102,0.9651474356651306,0.5286226868629456,0.7878677248954773,0.9711803793907166,0.5568784475326538,0.6307396292686462,0.9997055530548096,0.4823179244995117,0.669150710105896,0.43560534715652466,0.5216969847679138,0.78077632188797,0.5319772958755493
143,4.766666666666667,1,left,89.58173962667145,89.58173962667145,,0.5695997476577759,0.6295873522758484,0.999859094619751,0.4851840138435364,0.6570050716400146,0.9660689830780029,0.5287659764289856,0.7879276871681213,0.9728987812995911,0.5579479932785034,0.638600766658783,0.9997026920318604,0.48142004013061523,0.670311689376831,0.4402572810649872,0.5213764309883118,0.7812760472297668,0.5402156114578247
144,4.8,1,left,84.81744305738495,84.81744305738495,,0.5694509744644165,0.6365384459495544,0.9998506903648376,0.48440128564834595,0.6569580435752869,0.9668397307395935,0.5287085175514221,0.7879847884178162,0.9741472005844116,0.557492733001709,0.6464188098907471,0.9996958374977112,0.4792720377445221,0.6708410382270813,0.44298890233039856,0.5215340852737427,0.7809615731239319,0.539172351360321
145,4.833333333333333,1,left,79.22909094275904,79.22909094275904,,0.5692335367202759,0.6443845629692078,0.9998422861099243,0.4832368493080139,0.656982958316803,0.9672144651412964,0.5286077857017517,0.7879666686058044,0.9750175476074219,0.5569490194320679,0.6557440161705017,0.9996820092201233,0.4772825241088867,0.6710883378982544,0.4426589608192444,0.5211870670318604,0.7803168892860413,0.5365151166915894
146,4.866666666666666,1,left,74.75579489165992,74.75579489165992,,0.5691148638725281,0.6513610482215881,0.9998177886009216,0.482919842004776,0.6569294333457947,0.9659327268600464,0.5278659462928772,0.7879040837287903,0.9754169583320618,0.5569027662277222,0.664794921875,0.9996278882026672,0.4775904715061188,0.670596718788147,0.43528300523757935,0.5212727785110474,0.7801963090896606,0.5290100574493408
147,4.9,1,left,69.46172054809868,69.46172054809868,,0.5688000917434692,0.6595259308815002,0.999789297580719,0.4827306866645813,0.6573468446731567,0.9653497338294983,0.5278961658477783,0.7878654599189758,0.9761590957641602,0.5567107200622559,0.6709776520729065,0.9995607137680054,0.47758620977401733,0.6706326603889465,0.4329148828983307,0.5213558077812195,0.7798267602920532,0.5279945135116577
148,4.933333333333334,1,left,66.19924242964399,66.19924242964399,,0.5687870979309082,0.664387047290802,0.9997538924217224,0.4828643798828125,0.6574825644493103,0.964939296245575,0.5282884836196899,0.7878750562667847,0.9766888618469238,0.5563361644744873,0.6759246587753296,0.999466598033905,0.4765128195285797,0.6719650030136108,0.43250080943107605,0.5215319395065308,0.779719352722168,0.5291114449501038
149,4.966666666666667,1,left,62.09488030154652,62.09488030154652,,0.568632185459137,0.6706277132034302,0.9996969103813171,0.4826204180717468,0.65780109167099,0.9633775353431702,0.5284621715545654,0.7878069281578064,0.976715087890625,0.5562054514884949,0.6800181269645691,0.9993056058883667,0.4766961932182312,0.6716839671134949,0.42314085364341736,0.521909773349762,0.7796528339385986,0.5240458250045776
150,5.0,1,left,58.91756063468752,58.91756063468752,,0.568583607673645,0.6753031611442566,0.9996505379676819,0.48276758193969727,0.6577214598655701,0.9633774757385254,0.5282770395278931,0.7862070202827454,0.9770745038986206,0.5555735230445862,0.6850755214691162,0.9991676807403564,0.4751955568790436,0.6724217534065247,0.42734625935554504,0.5217907428741455,0.7775253057479858,0.5299041271209717
151,5.033333333333333,1,left,54.98687331126968,54.98687331126968,,0.5685335993766785,0.6817293763160706,0.9995937347412109,0.48186081647872925,0.6583216190338135,0.962786078453064,0.5280773639678955,0.7859948873519897,0.9768942594528198,0.5555194020271301,0.6886988878250122,0.9990214109420776,0.47507244348526,0.6722103953361511,0.4244062006473541,0.5216245651245117,0.7721835374832153,0.5323911309242249
152,5.066666666666666,1,left,51.97598718051979,51.97598718051979,,0.5684763789176941,0.6863624453544617,0.9995520114898682,0.48127204179763794,0.6582940220832825,0.9620142579078674,0.5273023843765259,0.7835206985473633,0.9757686257362366,0.5560958981513977,0.6942545771598816,0.9989452362060547,0.47536858916282654,0.6717715859413147,0.4197053611278534,0.5216020345687866,0.7716849446296692,0.5336380004882812
153,5.1,1,left,48.068010511172915,48.068010511172915,,0.5685343742370605,0.6935303211212158,0.999501645565033,0.48151883482933044,0.6588150858879089,0.9606679677963257,0.5269525647163391,0.7824185490608215,0.9745576977729797,0.5564734935760498,0.6986330151557922,0.9988570213317871,0.4756106734275818,0.6707905530929565,0.41232407093048096,0.5215479135513306,0.7697528600692749,0.5303277969360352
154,5.133333333333334,1,left,44.605082100785154,44.605082100785154,,0.5687099695205688,0.7003340125083923,0.9993958473205566,0.48168572783470154,0.6593191027641296,0.9576907753944397,0.5269212126731873,0.7825295329093933,0.9719542264938354,0.5585416555404663,0.7056854367256165,0.9987024664878845,0.47587913274765015,0.6701299548149109,0.39973214268684387,0.5217207670211792,0.7703490853309631,0.5191133618354797
155,5.166666666666667,1,left,42.60419393094245,42.60419393094245,,0.5689191222190857,0.7043996453285217,0.9992972016334534,0.48170003294944763,0.6595142483711243,0.9557473063468933,0.5269013047218323,0.7826051115989685,0.9701458215713501,0.5601914525032043,0.7082149386405945,0.9985745549201965,0.47629493474960327,0.6697970032691956,0.3882174491882324,0.5218034982681274,0.7707831263542175,0.5084953308105469
156,5.2,1,left,41.50917255436675,41.50917255436675,,0.5692156553268433,0.7068053483963013,0.9992044568061829,0.48176154494285583,0.6596488356590271,0.9523220062255859,0.5269573926925659,0.7827749848365784,0.9677251577377319,0.5617941617965698,0.7093166708946228,0.9984481930732727,0.4770742356777191,0.6696603894233704,0.3712085783481598,0.5225761532783508,0.7708659768104553,0.488827645778656
157,5.233333333333333,1,left,40.73163831756614,40.73163831756614,,0.5697876214981079,0.7086266279220581,0.9991602301597595,0.48176294565200806,0.6593632102012634,0.9497597217559814,0.5271498560905457,0.7838287949562073,0.9655064940452576,0.5623297095298767,0.7110912799835205,0.9983826875686646,0.4772781729698181,0.6696663498878479,0.3570079505443573,0.5229162573814392,0.7716559767723083,0.46993473172187805
158,5.266666666666667,1,left,39.786102172939465,39.786102172939465,,0.5700362920761108,0.710656464099884,0.9991251230239868,0.4817785322666168,0.6590815186500549,0.9475212693214417,0.5273149013519287,0.7847833037376404,0.9631927013397217,0.5623749494552612,0.713607907295227,0.9983383417129517,0.4773542881011963,0.6697598099708557,0.3450327217578888,0.5232641696929932,0.7728233337402344,0.45437735319137573
159,5.3,1,left,39.107463417964205,39.107463417964205,,0.570075273513794,0.7118292450904846,0.9990845918655396,0.48181456327438354,0.6586126685142517,0.9452857375144958,0.5272536873817444,0.7847917675971985,0.9604049324989319,0.5621691942214966,0.7162464261054993,0.9982835054397583,0.477379709482193,0.6697447299957275,0.33708497881889343,0.5233493447303772,0.7734977602958679,0.44340425729751587
160,5.333333333333333,1,left,38.74248487007125,38.74248487007125,,0.5700587034225464,0.7131067514419556,0.9990745782852173,0.48184317350387573,0.6590460538864136,0.9443038105964661,0.5269958972930908,0.7847619652748108,0.9587846398353577,0.5621153116226196,0.7183738946914673,0.9982828497886658,0.4774911403656006,0.669803261756897,0.333365797996521,0.5233444571495056,0.7738841772079468,0.43867984414100647
161,5.366666666666666,1,left,38.64068757952035,38.64068757952035,,0.5700839757919312,0.7139168381690979,0.999064564704895,0.48187941312789917,0.6597713232040405,0.9447682499885559,0.5268648862838745,0.7846201062202454,0.9574253559112549,0.561166524887085,0.7191445827484131,0.9982777237892151,0.47753962874412537,0.6698840260505676,0.3343752920627594,0.5230958461761475,0.7743400931358337,0.4418548345565796
162,5.4,1,left,38.57988202161857,38.57988202161857,,0.5702220797538757,0.7145413160324097,0.9990522265434265,0.4819910526275635,0.6603926420211792,0.9450468420982361,0.5267567038536072,0.7841774225234985,0.956821858882904,0.5608901381492615,0.7196520566940308,0.9982745051383972,0.47758156061172485,0.6700798273086548,0.33671098947525024,0.5230908393859863,0.7743695378303528,0.44642871618270874
163,5.433333333333334,1,left,38.23353373492902,38.281086400532175,,0.5704296827316284,0.7151479125022888,0.9990615248680115,0.4822023808956146,0.660065770149231,0.9453729391098022,0.5267402529716492,0.7838485240936279,0.956157922744751,0.5605549812316895,0.7202396988868713,0.9983029365539551,0.4775918126106262,0.6700753569602966,0.3386291563510895,0.5230558514595032,0.7740035653114319,0.4504924714565277
164,5.466666666666667,1,left,38.134248763448696,38.281086400532175,,0.570456862449646,0.7152611613273621,0.9990772008895874,0.4822211265563965,0.659805953502655,0.9454809427261353,0.5266373157501221,0.7837408185005188,0.9553287625312805,0.5603772401809692,0.7213204503059387,0.998322606086731,0.47762465476989746,0.6704984307289124,0.33800017833709717,0.5230545401573181,0.7743509411811829,0.4505508840084076
165,5.5,1,left,38.281086400532175,38.281086400532175,,0.5705979466438293,0.7151153683662415,0.9991031885147095,0.4825291037559509,0.6596476435661316,0.9468403458595276,0.5264533758163452,0.7835809588432312,0.9555514454841614,0.5601157546043396,0.7209903597831726,0.9983598589897156,0.4777260422706604,0.6705744862556458,0.3421339988708496,0.5229443907737732,0.7743656039237976,0.45824211835861206
166,5.533333333333333,1,left,38.34998023470072,38.34998023470072,,0.5708087682723999,0.7150577902793884,0.9991218447685242,0.48310166597366333,0.6593819856643677,0.9479697346687317,0.5264297127723694,0.783503532409668,0.9563504457473755,0.5598471760749817,0.720270037651062,0.9983978271484375,0.47791051864624023,0.6704257726669312,0.344372034072876,0.5228107571601868,0.7737337350845337,0.4659852683544159
167,5.566666666666666,1,left,38.48851042328288,38.48075735677201,,0.5708869695663452,0.7149034142494202,0.9990991353988647,0.48353028297424316,0.6592508554458618,0.9475929737091064,0.5263651609420776,0.7835720777511597,0.9561253190040588,0.5597625970840454,0.7197453379631042,0.9983812570571899,0.4782778322696686,0.6701695919036865,0.34204980731010437,0.5228105187416077,0.7737244963645935,0.46903932094573975
168,5.6,1,left,38.48075735677201,38.48851042328288,,0.5709719657897949,0.7156007885932922,0.9990578889846802,0.48388442397117615,0.6598291993141174,0.9468182921409607,0.5263186693191528,0.783886730670929,0.9558843970298767,0.5598387122154236,0.7193349599838257,0.9983261227607727,0.4787490963935852,0.6684763431549072,0.3389546275138855,0.5228320956230164,0.773731529712677,0.4696740508079529
169,5.633333333333334,1,left,38.62461436800649,38.62461436800649,,0.5710002183914185,0.7153188586235046,0.9990283846855164,0.4839164614677429,0.6597378253936768,0.946169376373291,0.5262508988380432,0.7838996648788452,0.9554391503334045,0.5601691007614136,0.7190414071083069,0.9982978105545044,0.4792173504829407,0.6681328415870667,0.3362766206264496,0.5228549242019653,0.773616373538971,0.46930015087127686
170,5.666666666666667,1,left,38.80464253770852,38.80464253770852,,0.5712385177612305,0.7150328159332275,0.9989579916000366,0.4839736521244049,0.659577488899231,0.945185661315918,0.5262497663497925,0.7840468287467957,0.9548375606536865,0.5602124929428101,0.7187780141830444,0.9982312917709351,0.4793519973754883,0.6680914163589478,0.33153316378593445,0.5228618383407593,0.7736688852310181,0.4669797420501709
171,5.7,1,left,39.27226204940952,39.27226204940952,,0.5715778470039368,0.7147175073623657,0.9989291429519653,0.4846045970916748,0.6599233150482178,0.9447352886199951,0.5262524485588074,0.7842779159545898,0.9544085264205933,0.5605093240737915,0.7174980640411377,0.9982041716575623,0.47966131567955017,0.6680795550346375,0.33047136664390564,0.5229519605636597,0.7745116353034973,0.46668145060539246
172,5.733333333333333,1,left,40.35835601716903,40.35835601716903,,0.5716497898101807,0.7126885056495667,0.9988625645637512,0.48487773537635803,0.660286009311676,0.9437077641487122,0.5266385674476624,0.7849986553192139,0.9540812969207764,0.5613459348678589,0.7158540487289429,0.9981003999710083,0.47995615005493164,0.6684364676475525,0.32629162073135376,0.523248016834259,0.7747812271118164,0.45965445041656494
173,5.766666666666667,1,left,42.3086088812112,42.3086088812112,,0.5716802477836609,0.7090175747871399,0.9988273978233337,0.4849589765071869,0.6606957316398621,0.9427616596221924,0.5267809629440308,0.7852227091789246,0.9535345435142517,0.561834454536438,0.7130752801895142,0.9980444312095642,0.48012810945510864,0.6685972213745117,0.32227376103401184,0.5230748057365417,0.7749564051628113,0.45133110880851746
174,5.8,1,left,45.027929274333694,45.027929274333694,,0.5721451044082642,0.7046639919281006,0.9987878203392029,0.48477911949157715,0.661576509475708,0.9420265555381775,0.5266968011856079,0.7852725982666016,0.9527373313903809,0.5620619058609009,0.7094459533691406,0.998006284236908,0.4801299571990967,0.6683502197265625,0.3225378096103668,0.5230399966239929,0.7749868631362915,0.4486694037914276
175,5.833333333333333,1,left,48.84206828506126,48.84206828506126,,0.5727249979972839,0.6977417469024658,0.9987580180168152,0.4847807288169861,0.6613348722457886,0.9418857097625732,0.5266520380973816,0.7852553725242615,0.9533458352088928,0.5623012781143188,0.7047662734985352,0.9979702234268188,0.47971272468566895,0.6686639785766602,0.3240065276622772,0.523211658000946,0.7770951986312866,0.44707348942756653
176,5.866666666666666,1,left,52.08235407056449,52.08235407056449,,0.5731067061424255,0.6875099539756775,0.9987585544586182,0.4863005578517914,0.6546276211738586,0.941008985042572,0.5266749262809753,0.785291314125061,0.9543899297714233,0.5622785687446594,0.6978022456169128,0.9979043006896973,0.47918081283569336,0.6690451502799988,0.3266139626502991,0.5231541395187378,0.7771561145782471,0.44515514373779297
177,5.9,1,left,57.454271877271225,57.454271877271225,,0.5740603804588318,0.677947461605072,0.9987884759902954,0.487282931804657,0.6534463763237,0.9421265125274658,0.5268574953079224,0.7846972942352295,0.9565136432647705,0.5626019835472107,0.6889186501502991,0.9978740215301514,0.4780903458595276,0.6697834730148315,0.3402540981769562,0.5230029225349426,0.775543212890625,0.45013394951820374
178,5.933333333333334,1,left,64.80684869087985,64.80684869087985,,0.5749825835227966,0.6666040420532227,0.9988276362419128,0.48722177743911743,0.6536900997161865,0.943906307220459,0.526857852935791,0.7847875952720642,0.9586982727050781,0.5625171065330505,0.6771106123924255,0.9978927373886108,0.4780823588371277,0.6701595783233643,0.36622917652130127,0.5207210779190063,0.7726452350616455,0.46388551592826843
179,5.966666666666667,1,left,71.74405946584841,71.74405946584841,,0.5747998952865601,0.655690610408783,0.9989019632339478,0.4865172505378723,0.653927743434906,0.946216881275177,0.5268803834915161,0.7850325703620911,0.9610440135002136,0.5600684881210327,0.666792631149292,0.9979811906814575,0.4780040383338928,0.6686063408851624,0.3872876465320587,0.5179750323295593,0.7704004049301147,0.47463420033454895
180,6.0,1,left,77.18662340262169,77.18662340262169,,0.5739024877548218,0.6470948457717896,0.9989902973175049,0.485360324382782,0.6545562744140625,0.949878454208374,0.5270065069198608,0.7856011986732483,0.964016318321228,0.5596863627433777,0.6584331393241882,0.9981305599212646,0.47802409529685974,0.6674067378044128,0.4085441827774048,0.518194317817688,0.7723991870880127,0.4894850254058838
181,6.033333333333333,1,left,84.02700361672179,84.02700361672179,,0.5722724795341492,0.6362850666046143,0.9990588426589966,0.4836256504058838,0.6561725735664368,0.952796220779419,0.5272191762924194,0.7855760455131531,0.9664835929870605,0.5596481561660767,0.6470257639884949,0.9982571601867676,0.4783881604671478,0.6663587093353271,0.42746102809906006,0.5191881656646729,0.774793267250061,0.5020745992660522
182,6.066666666666666,1,left,91.8364003032212,91.8364003032212,,0.5710517764091492,0.625041127204895,0.9991114735603333,0.4836563169956207,0.6580062508583069,0.9553683996200562,0.527255654335022,0.7858603000640869,0.9686081409454346,0.5596575140953064,0.634110689163208,0.998369574546814,0.48007863759994507,0.6666364669799805,0.4426656663417816,0.5202763080596924,0.7770156264305115,0.5121425986289978
183,6.1,1,left,100.1655614243142,100.1655614243142,,0.568303108215332,0.6118228435516357,0.999169647693634,0.4836204946041107,0.659362256526947,0.957693874835968,0.527521014213562,0.7858282923698425,0.9703118801116943,0.5596786141395569,0.619484007358551,0.9984892010688782,0.482541024684906,0.6661885380744934,0.4576842784881592,0.5213087797164917,0.7784438729286194,0.522334635257721
184,6.133333333333334,1,left,106.46147958480398,106.46147958480398,,0.5661550760269165,0.6019688844680786,0.9992413520812988,0.48490530252456665,0.6607539057731628,0.9599351286888123,0.5290961265563965,0.7860685586929321,0.9722641110420227,0.5539466142654419,0.6091609597206116,0.9986166954040527,0.48255258798599243,0.6656893491744995,0.471090704202652,0.521274983882904,0.7788040637969971,0.5364000797271729
185,6.166666666666667,1,left,112.50466882932155,112.50466882932155,,0.5645800232887268,0.5913638472557068,0.9993075132369995,0.4860232472419739,0.6606085300445557,0.9623770713806152,0.5291887521743774,0.786754846572876,0.9738796353340149,0.5501830577850342,0.5961436629295349,0.9987377524375916,0.4825069010257721,0.6621967554092407,0.4699789881706238,0.5181630253791809,0.7726538181304932,0.5378596782684326
186,6.2,1,left,119.17125410455418,119.17125410455418,,0.5618258714675903,0.578588604927063,0.9993627667427063,0.48750343918800354,0.6592056155204773,0.9633299112319946,0.5293353796005249,0.7867745161056519,0.9743757843971252,0.5472085475921631,0.5857316851615906,0.9988378286361694,0.4827117919921875,0.6610704660415649,0.4588336646556854,0.5183279514312744,0.7726942300796509,0.5281955599784851
187,6.233333333333333,1,left,125.83690127141098,125.83690127141098,,0.5582826733589172,0.5655470490455627,0.9994040727615356,0.4899463653564453,0.6558722853660583,0.9634642004966736,0.5296627283096313,0.7853463888168335,0.9739560484886169,0.5446985960006714,0.5746458768844604,0.9989145994186401,0.48487019538879395,0.6585348844528198,0.44346705079078674,0.5209475159645081,0.7734864354133606,0.5163626670837402
188,6.266666666666667,1,left,133.51132531277898,133.51132531277898,,0.5558717846870422,0.5543934106826782,0.999451220035553,0.49539676308631897,0.6510134339332581,0.9641038179397583,0.5300756692886353,0.7856301665306091,0.9727965593338013,0.5413644909858704,0.5653776526451111,0.9990060329437256,0.4899079203605652,0.6576367020606995,0.4401858448982239,0.5241845846176147,0.7812535166740417,0.5164058804512024
189,6.3,1,left,140.89793821945884,140.89793821945884,,0.5520561933517456,0.5440992116928101,0.9994989037513733,0.4998934864997864,0.6476833820343018,0.9649962186813354,0.5301738977432251,0.7857139110565186,0.9715865850448608,0.5377030372619629,0.5557940602302551,0.9990925788879395,0.4950834810733795,0.6562682390213013,0.4416596293449402,0.525187611579895,0.7841005921363831,0.5193138718605042
190,6.333333333333333,1,left,147.2812695900275,147.2812695900275,,0.5476747155189514,0.5360491275787354,0.999538242816925,0.5033061504364014,0.648669958114624,0.9654797911643982,0.5304775834083557,0.7856940031051636,0.9691409468650818,0.534091055393219,0.5477325916290283,0.9991626143455505,0.502377450466156,0.6568924188613892,0.43715962767601013,0.5275386571884155,0.7837154269218445,0.5180540680885315
191,6.366666666666666,1,left,152.39189686201303,152.39189686201303,,0.5443671941757202,0.528741180896759,0.999570906162262,0.507348358631134,0.6424581408500671,0.9660699963569641,0.5315116047859192,0.7856811881065369,0.9675929546356201,0.5302383303642273,0.5415613055229187,0.99920654296875,0.506852388381958,0.6545270085334778,0.449138879776001,0.5287616848945618,0.7845773100852966,0.5274455547332764
192,6.4,1,left,159.7329199735867,159.7329199735867,,0.5381626486778259,0.5214479565620422,0.99959796667099,0.5118438601493835,0.639901340007782,0.9664771556854248,0.5315670371055603,0.7850102186203003,0.9658028483390808,0.528510570526123,0.5327674746513367,0.9992400407791138,0.5133783221244812,0.6496338248252869,0.45487844944000244,0.5295900106430054,0.7843126654624939,0.5349811911582947
193,6.433333333333334,1,left,164.15229335700064,164.15229335700064,,0.532818615436554,0.5155436396598816,0.9996213316917419,0.5136724710464478,0.6391564607620239,0.965706467628479,0.5315212607383728,0.7836217880249023,0.9637176990509033,0.5271044969558716,0.5259086489677429,0.9992496967315674,0.5183571577072144,0.6494695544242859,0.4581610858440399,0.530158281326294,0.7841971516609192,0.5381540060043335
194,6.466666666666667,1,left,168.28506566006902,168.28506566006902,,0.5276979207992554,0.5150147080421448,0.9996337890625,0.5157689452171326,0.6397896409034729,0.9623557925224304,0.5314780473709106,0.7831398844718933,0.9599901437759399,0.528236985206604,0.5251619815826416,0.9992280006408691,0.522340714931488,0.648473858833313,0.45756545662879944,0.5308412909507751,0.7840302586555481,0.5372567176818848
195,6.5,1,left,171.88736886155198,171.88736886155198,,0.5240729451179504,0.5163379311561584,0.9996315836906433,0.5177818536758423,0.6408006548881531,0.955534040927887,0.5307663679122925,0.7829535603523254,0.9529655575752258,0.5287508368492126,0.5272921323776245,0.9991562962532043,0.5248347520828247,0.6487005352973938,0.4520329236984253,0.5305544137954712,0.7839410305023193,0.5293605923652649
196,6.533333333333333,1,left,172.9517110969703,172.9517110969703,,0.522347092628479,0.5153084993362427,0.9996475577354431,0.5181983709335327,0.6407632231712341,0.950580894947052,0.5309597849845886,0.7822393774986267,0.9492036700248718,0.528389573097229,0.527030348777771,0.9991486072540283,0.5258133411407471,0.6485143899917603,0.4495334327220917,0.5314227342605591,0.7838031649589539,0.5255388021469116
197,6.566666666666666,1,left,173.07228271818877,173.07228271818877,,0.5224176645278931,0.5164229273796082,0.9996668696403503,0.5186274647712708,0.6407862305641174,0.9487553238868713,0.5313469767570496,0.7810365557670593,0.9478366374969482,0.5253139734268188,0.5288318395614624,0.9991868138313293,0.5241192579269409,0.648690402507782,0.4476967453956604,0.5321248769760132,0.7837652564048767,0.5269401669502258
198,6.6,1,left,175.00681818311884,174.5695068984852,,0.5221408009529114,0.5179245471954346,0.9996805191040039,0.5208128690719604,0.6410848498344421,0.9470520615577698,0.5315277576446533,0.7811221480369568,0.9459941983222961,0.5210413336753845,0.5302324295043945,0.9992172122001648,0.5235108137130737,0.6490053534507751,0.4454798400402069,0.5321804285049438,0.7842912673950195,0.5258299112319946
199,6.633333333333334,1,left,175.07328837783632,174.5695068984852,,0.5225504636764526,0.5197968482971191,0.9996914267539978,0.5211064219474792,0.6416781544685364,0.9465016722679138,0.5314668416976929,0.7811633944511414,0.9456598162651062,0.5187289118766785,0.5314339995384216,0.9992401599884033,0.522668719291687,0.6500551104545593,0.44639092683792114,0.5317490100860596,0.7842220664024353,0.5276753306388855
200,6.666666666666667,1,left,174.5695068984852,174.5695068984852,,0.523109495639801,0.5200946927070618,0.9997054934501648,0.5208572745323181,0.6418952345848083,0.9463739991188049,0.5314579606056213,0.7805761694908142,0.9454455971717834,0.5157183408737183,0.5328815579414368,0.9992644786834717,0.5217428207397461,0.6507402658462524,0.4512374997138977,0.5317067503929138,0.7838683724403381,0.532352089881897
201,6.7,1,left,174.0684964431528,174.0684964431528,,0.5232510566711426,0.5204272866249084,0.999692976474762,0.5203649997711182,0.6431568264961243,0.9434270262718201,0.5314107537269592,0.7809115648269653,0.943284809589386,0.5161978602409363,0.5334249138832092,0.999207615852356,0.5210033655166626,0.6525735855102539,0.44600769877433777,0.5316226482391357,0.7841393947601318,0.5278338193893433
202,6.733333333333333,1,left,173.98279441576258,173.98279441576258,,0.5229436159133911,0.5203782320022583,0.9997014403343201,0.5201007723808289,0.6432353258132935,0.9435694217681885,0.5314017534255981,0.7809375524520874,0.9435705542564392,0.5167978405952454,0.5330607295036316,0.9992133975028992,0.5208418965339661,0.6526721119880676,0.4402174651622772,0.5315056443214417,0.7840926051139832,0.5252670049667358
203,6.766666666666667,1,left,173.67795510144876,173.67795510144876,,0.5230228304862976,0.5202376246452332,0.9997145533561707,0.5197997093200684,0.6432326436042786,0.9448081851005554,0.5314160585403442,0.7809644937515259,0.9450267553329468,0.5168719291687012,0.5329756140708923,0.9992297291755676,0.5206682682037354,0.6526817679405212,0.4374721050262451,0.5314689874649048,0.7838866114616394,0.5260502696037292
204,6.8,1,left,173.40243563266114,173.40243563266114,,0.5233319997787476,0.5208554267883301,0.9997172355651855,0.5196470618247986,0.6432510614395142,0.9434558749198914,0.5314241647720337,0.781387209892273,0.9450384974479675,0.5168994665145874,0.5331386923789978,0.9992201328277588,0.5212263464927673,0.6527719497680664,0.43710267543792725,0.5313819646835327,0.7838729023933411,0.5263568758964539
205,6.833333333333333,1,left,173.28792419108038,173.3074105892723,,0.5235739946365356,0.5209675431251526,0.9997289180755615,0.5196664929389954,0.643292248249054,0.9445092082023621,0.531459629535675,0.7813498377799988,0.9462239742279053,0.5165007710456848,0.5332843661308289,0.9992536306381226,0.5210919976234436,0.6527814865112305,0.4389645457267761,0.531266450881958,0.7837708592414856,0.531555712223053
206,6.866666666666666,1,left,173.26809682366527,173.28792419108038,,0.5237263441085815,0.5212100148200989,0.9997380971908569,0.5197650790214539,0.6433202028274536,0.9455282688140869,0.5315316915512085,0.7813110947608948,0.9478324055671692,0.5165321230888367,0.5333213210105896,0.9992655515670776,0.5209307074546814,0.6527984142303467,0.44054046273231506,0.5311771631240845,0.7833661437034607,0.5356881618499756
207,6.9,1,left,173.3074105892723,173.26809682366527,,0.5238882899284363,0.521382212638855,0.9997497200965881,0.5199320316314697,0.6435056328773499,0.9449188113212585,0.5316027998924255,0.7814178466796875,0.9472970962524414,0.5167455077171326,0.5334352850914001,0.9992836117744446,0.5207992196083069,0.6528851389884949,0.43542051315307617,0.5311570167541504,0.7832778692245483,0.5292675495147705
208,6.933333333333334,1,left,173.16615966999345,173.16615966999345,,0.5242010354995728,0.5215893387794495,0.99974524974823,0.5199781656265259,0.6454704403877258,0.9429323673248291,0.5316189527511597,0.7817716598510742,0.9459130764007568,0.5197852849960327,0.5338094234466553,0.999255359172821,0.5208309292793274,0.6540717482566833,0.4270143508911133,0.5311089754104614,0.7835405468940735,0.5208484530448914
209,6.966666666666667,1,left,172.14774702687697,172.14774702687697,,0.526206374168396,0.5216662287712097,0.9997411966323853,0.519934892654419,0.6457396149635315,0.9412577748298645,0.5318006277084351,0.7825033664703369,0.944076657295227,0.523490309715271,0.533301830291748,0.999215304851532,0.521099328994751,0.6537091732025146,0.4217337965965271,0.5312796235084534,0.783530592918396,0.5126152634620667
210,7.0,1,left,169.59738826522718,169.59738826522718,,0.5301924347877502,0.5217801928520203,0.9997502565383911,0.5189050436019897,0.6456202268600464,0.9408844113349915,0.5316153764724731,0.7854243516921997,0.9429410696029663,0.5275796055793762,0.532934844493866,0.9992242455482483,0.5210598707199097,0.652176558971405,0.4192865192890167,0.5312424898147583,0.7845097184181213,0.5053409934043884
211,7.033333333333333,1,left,166.88896165496084,166.88896165496084,,0.5348241925239563,0.52244633436203,0.9997491240501404,0.5182254910469055,0.6455735564231873,0.9415844082832336,0.5315206050872803,0.7853535413742065,0.9418681859970093,0.5316239595413208,0.5330032706260681,0.9992350935935974,0.521031379699707,0.6517607569694519,0.41418978571891785,0.5311654806137085,0.7839975357055664,0.5013501048088074
212,7.066666666666666,1,left,163.7667577386894,163.7667577386894,,0.5395128130912781,0.5247079133987427,0.9997561573982239,0.5173169374465942,0.6456916332244873,0.9447787404060364,0.5316095352172852,0.7854950428009033,0.9430172443389893,0.5347270965576172,0.5337061285972595,0.9992755055427551,0.5202450156211853,0.652072012424469,0.4121641516685486,0.5311455726623535,0.7839839458465576,0.503771960735321
213,7.1,1,left,160.57863186794606,160.57863186794606,,0.5442811250686646,0.5305281281471252,0.9997643232345581,0.5166759490966797,0.6472600102424622,0.9478768706321716,0.5316631197929382,0.7871221899986267,0.9448285102844238,0.5364214777946472,0.5367007851600647,0.9993181824684143,0.5172631740570068,0.6532397866249084,0.4094376266002655,0.5302870869636536,0.7841364741325378,0.5082536935806274
214,7.133333333333334,1,left,154.55578783070166,154.55578783070166,,0.5500020980834961,0.539492666721344,0.9997602701187134,0.5139044523239136,0.6501620411872864,0.9499717354774475,0.5318094491958618,0.7884167432785034,0.9462969899177551,0.5399492383003235,0.5441431403160095,0.9993419051170349,0.5137126445770264,0.6539290547370911,0.407665878534317,0.5301680564880371,0.7841246128082275,0.5132920742034912
215,7.166666666666667,1,left,148.16762851738315,148.16762851738315,,0.5535526871681213,0.5466038584709167,0.9997742772102356,0.5098402500152588,0.6509124636650085,0.9527315497398376,0.5319174528121948,0.7888166308403015,0.949114203453064,0.5401188731193542,0.5529910326004028,0.9993907809257507,0.5067728161811829,0.655443549156189,0.41634440422058105,0.5298012495040894,0.7849368453025818,0.5264796614646912
216,7.2,1,left,143.86427752480586,143.86427752480586,,0.5562238693237305,0.5509490966796875,0.9997828602790833,0.5074244141578674,0.6512712240219116,0.9544901251792908,0.532162070274353,0.7888103127479553,0.9504836201667786,0.5436347723007202,0.5611472725868225,0.9994229078292847,0.502560555934906,0.6576247811317444,0.4310798645019531,0.5294580459594727,0.7852963805198669,0.5330976247787476
217,7.233333333333333,1,left,138.55353630522197,138.55353630522197,,0.5596413612365723,0.5573559999465942,0.9997857809066772,0.5047702193260193,0.6518800258636475,0.955471396446228,0.5321556925773621,0.7887901067733765,0.9516234397888184,0.5489067435264587,0.5696188807487488,0.9994428753852844,0.50062495470047,0.6586996912956238,0.4442327320575714,0.5292457342147827,0.7859171032905579,0.5395849347114563
218,7.266666666666667,1,left,131.42787656620587,131.42787656620587,,0.5639596581459045,0.5671213269233704,0.9997894167900085,0.5015100240707397,0.6518791913986206,0.9574287533760071,0.5310419797897339,0.7885932922363281,0.954441249370575,0.552707314491272,0.5778499245643616,0.999468982219696,0.49617475271224976,0.6585930585861206,0.45525869727134705,0.5269513726234436,0.7858994007110596,0.548088550567627
219,7.3,1,left,124.42821936634878,124.42821936634878,,0.5653870105743408,0.5775153040885925,0.9997991323471069,0.4982169568538666,0.6517940163612366,0.9576350450515747,0.5308970212936401,0.7884539365768433,0.9565448760986328,0.5527960062026978,0.5864805579185486,0.9994984269142151,0.4930925965309143,0.6586493253707886,0.45678314566612244,0.5265682935714722,0.7847297191619873,0.5429438948631287
220,7.333333333333333,1,left,118.09468161447928,118.09468161447928,,0.5666178464889526,0.5870034098625183,0.9998113512992859,0.4948292374610901,0.653399646282196,0.9589226245880127,0.5301180481910706,0.7881942987442017,0.9592733383178711,0.5559906363487244,0.5959834456443787,0.9995328187942505,0.4910619258880615,0.6590279936790466,0.4495697617530823,0.5261473655700684,0.7839375734329224,0.5365331172943115
221,7.366666666666666,1,left,112.23580598057559,112.23580598057559,,0.5675603151321411,0.5958296060562134,0.9998229742050171,0.49297285079956055,0.6533610224723816,0.9592432975769043,0.5301195383071899,0.7881457805633545,0.9613161683082581,0.5566993951797485,0.6061976552009583,0.9995636343955994,0.4877151846885681,0.6617306470870972,0.441155344247818,0.52435702085495,0.7839088439941406,0.526721179485321
222,7.4,1,left,105.8192323828348,105.8192323828348,,0.5684424638748169,0.6053693294525146,0.9998330473899841,0.4912717938423157,0.6534045338630676,0.9593395590782166,0.5301439166069031,0.788246750831604,0.9634917378425598,0.5557492971420288,0.6143456101417542,0.9995917081832886,0.4850034713745117,0.6620956659317017,0.4413182735443115,0.5214111804962158,0.7805706262588501,0.5289903879165649
223,7.433333333333334,1,left,98.20813107033034,98.20813107033034,,0.5691441297531128,0.6156229376792908,0.999836266040802,0.4886949956417084,0.6535581350326538,0.9603387117385864,0.529970645904541,0.788247287273407,0.965765118598938,0.5555927157402039,0.6246338486671448,0.9996011853218079,0.4827982783317566,0.6646147966384888,0.4500368535518646,0.5211127996444702,0.7788441777229309,0.5366829633712769
224,7.466666666666667,1,left,89.98170060519922,89.98170060519922,,0.5694563388824463,0.6267114877700806,0.9998335838317871,0.48607760667800903,0.6537545919418335,0.9613707661628723,0.5297386050224304,0.7882229089736938,0.9677382111549377,0.5568222403526306,0.6345266699790955,0.9996108412742615,0.4813864827156067,0.6678512692451477,0.45249253511428833,0.5215225219726562,0.7787216305732727,0.5443280339241028
225,7.5,1,left,84.8868355179703,84.8868355179703,,0.5693182349205017,0.633694589138031,0.9998329877853394,0.4835846424102783,0.654473602771759,0.9623000621795654,0.5289465188980103,0.7882044911384583,0.9693552255630493,0.5567163825035095,0.6440750360488892,0.9996229410171509,0.4796653389930725,0.668501079082489,0.45318594574928284,0.5199226140975952,0.7788414359092712,0.5450709462165833
226,7.533333333333333,1,left,80.93664941836573,80.93664941836573,,0.568980872631073,0.6408985257148743,0.9998210668563843,0.48347559571266174,0.6558006405830383,0.9629477262496948,0.5289303064346313,0.7881879210472107,0.9704996347427368,0.5561742782592773,0.6518781185150146,0.9996057152748108,0.47820863127708435,0.670430064201355,0.4564324915409088,0.5202783942222595,0.7789884209632874,0.5450752973556519
227,7.566666666666666,1,left,74.30139888448572,74.30139888448572,,0.568945050239563,0.6506744623184204,0.9998147487640381,0.4825044572353363,0.6562556028366089,0.9636086821556091,0.5289540886878967,0.788209080696106,0.9721216559410095,0.5559378862380981,0.6607651114463806,0.9995943903923035,0.47655782103538513,0.6703870892524719,0.45439350605010986,0.5204426050186157,0.77906733751297,0.5493132472038269
228,7.6,1,left,68.3551474100563,68.3551474100563,,0.5688637495040894,0.6599744558334351,0.9997921586036682,0.48192542791366577,0.6570062041282654,0.9625537991523743,0.5287976264953613,0.7879914045333862,0.9726795554161072,0.5558428764343262,0.6706321835517883,0.9995369911193848,0.47566404938697815,0.670789897441864,0.44589680433273315,0.520642876625061,0.7782079577445984,0.5466320514678955
229,7.633333333333334,1,left,65.64933706455248,65.64933706455248,,0.5685520172119141,0.6658585071563721,0.9997830390930176,0.4819103181362152,0.6594982147216797,0.9627399444580078,0.529070258140564,0.7880061864852905,0.9736269116401672,0.5556017756462097,0.6752635836601257,0.9994998574256897,0.47602081298828125,0.6717742085456848,0.44105181097984314,0.5211630463600159,0.778227686882019,0.5463424921035767
230,7.666666666666667,1,left,60.16252360232348,60.16252360232348,,0.5683904886245728,0.6740217208862305,0.999743640422821,0.48194822669029236,0.6592336893081665,0.9616898894309998,0.5291450619697571,0.7879987359046936,0.974221408367157,0.555400013923645,0.6824150085449219,0.9993700981140137,0.4754275381565094,0.672137439250946,0.43308016657829285,0.5212529301643372,0.777912437915802,0.5431251525878906
231,7.7,1,left,56.42416290291771,56.42416290291771,,0.5682079792022705,0.6796714663505554,0.999703049659729,0.4816324710845947,0.6590946912765503,0.9617604613304138,0.528286337852478,0.7858541011810303,0.9749065637588501,0.5552735924720764,0.6865747570991516,0.9992488622665405,0.4757700562477112,0.6719738245010376,0.4310967028141022,0.5213017463684082,0.7750672101974487,0.5478755831718445
232,7.733333333333333,1,left,52.86417124177112,52.86417124177112,,0.5680772066116333,0.6857333779335022,0.9996721148490906,0.48124489188194275,0.6593726277351379,0.9616341590881348,0.5273450613021851,0.784342885017395,0.9750089049339294,0.5552403330802917,0.6920768618583679,0.9991413950920105,0.47605815529823303,0.6718690991401672,0.4275209307670593,0.5203014612197876,0.769831657409668,0.5502901673316956
233,7.766666666666667,1,left,49.591250929232096,49.591250929232096,,0.5680827498435974,0.6920629143714905,0.999629020690918,0.4814337193965912,0.6601391434669495,0.9608722925186157,0.5266721844673157,0.7832021713256836,0.9738055467605591,0.5560293197631836,0.699224591255188,0.9990338683128357,0.476447731256485,0.671713650226593,0.4209640324115753,0.5203577280044556,0.7703095078468323,0.5482271909713745
234,7.8,1,left,45.232646570381206,45.232646570381206,,0.5683015584945679,0.6998907327651978,0.999520480632782,0.48128876090049744,0.6603381037712097,0.9577957987785339,0.5264039039611816,0.7821521162986755,0.9711408019065857,0.5577727556228638,0.7042451500892639,0.9988391399383545,0.47667551040649414,0.6710870862007141,0.4066788852214813,0.5205851197242737,0.7700093388557434,0.5383039116859436
235,7.833333333333333,1,left,42.730861947713336,42.730861947713336,,0.5685955286026001,0.7046625018119812,0.9994149804115295,0.4814883768558502,0.6601919531822205,0.9552255272865295,0.5262374877929688,0.7816620469093323,0.9698434472084045,0.5592795610427856,0.7088832259178162,0.9986380338668823,0.47685423493385315,0.6710852980613708,0.3917912244796753,0.521041989326477,0.770392656326294,0.524944007396698
236,7.866666666666666,1,left,41.20355195020901,41.20355195020901,,0.5688573718070984,0.7082914113998413,0.9993312358856201,0.48164820671081543,0.660761833190918,0.9536425471305847,0.5261863470077515,0.7817753553390503,0.9684475064277649,0.5604764223098755,0.7106923460960388,0.9985040426254272,0.4773218035697937,0.6709941029548645,0.37875932455062866,0.5210573077201843,0.7707762122154236,0.5141918063163757
237,7.9,1,left,39.88200081476023,39.88200081476023,,0.5691525340080261,0.7105575799942017,0.9991711974143982,0.4817706048488617,0.6599424481391907,0.9505195617675781,0.5262304544448853,0.7818508744239807,0.9671800136566162,0.5616210103034973,0.7140044569969177,0.9982221126556396,0.4774223864078522,0.6727786660194397,0.36246171593666077,0.52205890417099,0.7708241939544678,0.49608004093170166
238,7.933333333333334,1,left,38.82604996079187,38.82604996079187,,0.5692518353462219,0.7122965455055237,0.9990525841712952,0.4818412661552429,0.6591895222663879,0.9488597512245178,0.5262570977210999,0.781934916973114,0.9656484127044678,0.5614361763000488,0.7155717611312866,0.9980602264404297,0.47750669717788696,0.6726807951927185,0.35207411646842957,0.5227552652359009,0.771764874458313,0.4856411814689636
239,7.966666666666667,1,left,38.4600019981403,38.4600019981403,,0.5692489743232727,0.7129258513450623,0.9989491105079651,0.4819105267524719,0.6589241027832031,0.9474120736122131,0.5262725949287415,0.7820681929588318,0.9646707773208618,0.5613406896591187,0.7160883545875549,0.9979169964790344,0.4775583744049072,0.6718536019325256,0.34324386715888977,0.5229967832565308,0.7730830311775208,0.4789355993270874
240,8.0,1,left,37.93450164934346,37.93450164934346,,0.5692330002784729,0.7141103744506836,0.9989222884178162,0.48196107149124146,0.6588478684425354,0.9462741017341614,0.526159405708313,0.7821357250213623,0.9628933668136597,0.5610424876213074,0.7171778082847595,0.9978927373886108,0.47762808203697205,0.6720010638237,0.33848071098327637,0.5228593945503235,0.7729383111000061,0.4745769500732422
241,8.033333333333333,1,left,37.521126882499075,37.521126882499075,,0.5690720081329346,0.7150083780288696,0.9988951086997986,0.48195400834083557,0.6588298082351685,0.945314884185791,0.5260237455368042,0.7821648716926575,0.961876630783081,0.5604583024978638,0.7180266976356506,0.9978688955307007,0.47756457328796387,0.6719850897789001,0.3354300856590271,0.5228595733642578,0.7728634476661682,0.4724169075489044
242,8.066666666666666,1,left,37.07327686010395,37.12068877680879,,0.5688098669052124,0.7162400484085083,0.9988662600517273,0.48196735978126526,0.6590458154678345,0.9445497393608093,0.5257190465927124,0.7822008728981018,0.9605622887611389,0.5598968267440796,0.7183027863502502,0.9978137612342834,0.47758764028549194,0.6717378497123718,0.3314213752746582,0.5227766036987305,0.7727152109146118,0.4712819755077362
243,8.1,1,left,36.983675224398084,37.12068877680879,,0.5685544013977051,0.7165564894676208,0.9988396167755127,0.48197299242019653,0.659214437007904,0.9436776041984558,0.5255438089370728,0.7822533249855042,0.9595367908477783,0.5592383742332458,0.7189399600028992,0.9977744221687317,0.47757118940353394,0.6716160178184509,0.32827872037887573,0.5225995779037476,0.7727189660072327,0.47074195742607117
244,8.133333333333333,1,left,37.12068877680879,37.12068877680879,,0.5684307813644409,0.71645587682724,0.9988101720809937,0.4818822741508484,0.6593726277351379,0.9431220293045044,0.525312066078186,0.7822027206420898,0.9589045643806458,0.5589783191680908,0.7186673283576965,0.9977365732192993,0.477508544921875,0.6716288328170776,0.3256092965602875,0.5225195288658142,0.7731987237930298,0.47153207659721375
245,8.166666666666666,1,left,37.482161688744185,37.482161688744185,,0.5682910680770874,0.7157367467880249,0.9987761974334717,0.481891393661499,0.6595888137817383,0.9416744709014893,0.5253197550773621,0.7822301387786865,0.9578489065170288,0.5588341951370239,0.7176437973976135,0.9977061152458191,0.4775148034095764,0.6715838313102722,0.32186928391456604,0.5226370692253113,0.7737470865249634,0.46983882784843445
246,8.2,1,left,37.530906959612594,37.530906959612594,,0.5678938627243042,0.7153904438018799,0.9987265467643738,0.4818808138370514,0.6596007943153381,0.9407508373260498,0.5253188610076904,0.7822598814964294,0.9573624730110168,0.5588210225105286,0.7170233130455017,0.9976328611373901,0.47752371430397034,0.6715187430381775,0.318065345287323,0.5226233005523682,0.7732832431793213,0.46847954392433167
247,8.233333333333333,1,left,37.8189492128867,37.8189492128867,,0.5678364038467407,0.7147842049598694,0.9986965656280518,0.48189234733581543,0.6596673130989075,0.9402313828468323,0.5252953171730042,0.7821754813194275,0.9565581679344177,0.5586676001548767,0.7164965867996216,0.997592568397522,0.47757530212402344,0.6725184321403503,0.32108232378959656,0.5226620435714722,0.7732890844345093,0.4707169532775879
248,8.266666666666667,1,left,37.86856288767355,37.86856288767355,,0.5678247213363647,0.7147267460823059,0.9986739754676819,0.4819343686103821,0.6595187783241272,0.9394065737724304,0.5250245332717896,0.7818824052810669,0.9553284049034119,0.5586503744125366,0.7164954543113708,0.9975727796554565,0.47758084535598755,0.6724799871444702,0.3180032968521118,0.52253657579422,0.7719596028327942,0.46806642413139343
249,8.3,1,left,38.04953777048464,38.04953777048464,,0.5678247213363647,0.7143895030021667,0.9986653327941895,0.4819415509700775,0.6595165729522705,0.9398390650749207,0.5249578952789307,0.7818389534950256,0.9550306797027588,0.5586267709732056,0.7162836194038391,0.9975718855857849,0.47779256105422974,0.6726124286651611,0.31902551651000977,0.5225785970687866,0.7722548246383667,0.4713992178440094
250,8.333333333333334,1,left,38.148710516962105,38.148710516962105,,0.5678191781044006,0.7141577005386353,0.9986162781715393,0.4819489121437073,0.6593811511993408,0.9390522837638855,0.5248077511787415,0.7816468477249146,0.9532203674316406,0.5586780309677124,0.7161109447479248,0.9975193738937378,0.4778401255607605,0.6725960373878479,0.3178931176662445,0.5226011872291565,0.7722805738449097,0.46959978342056274
251,8.366666666666667,1,left,38.21868596912218,38.21868596912218,,0.5678192973136902,0.7140179872512817,0.9985307455062866,0.482001930475235,0.6593028903007507,0.9384814500808716,0.5247480869293213,0.7816356420516968,0.9518742561340332,0.5586726665496826,0.7160552144050598,0.9974368810653687,0.4778729975223541,0.6725712418556213,0.31897851824760437,0.5226334929466248,0.772327184677124,0.46880748867988586
252,8.4,1,left,38.47734837373471,38.47734837373471,,0.5678350925445557,0.7132732272148132,0.9984357953071594,0.4820089340209961,0.6589610576629639,0.9373788237571716,0.5247053503990173,0.7815935015678406,0.9512919783592224,0.5587323904037476,0.7158644795417786,0.9973095059394836,0.4770837724208832,0.6755864024162292,0.31701013445854187,0.5226244330406189,0.7727872729301453,0.4649994969367981
253,8.433333333333334,1,left,39.21287938593621,39.21287938593621,,0.5681065320968628,0.7118158340454102,0.9983817934989929,0.4821833074092865,0.6588099002838135,0.9360398650169373,0.5246732831001282,0.781397819519043,0.9501745700836182,0.5588750243186951,0.7149985432624817,0.9972346425056458,0.47722840309143066,0.6755272150039673,0.31596073508262634,0.5226200222969055,0.7728259563446045,0.46195653080940247
254,8.466666666666667,1,left,39.585738851288255,39.585738851288255,,0.5682698488235474,0.7109525799751282,0.9983496069908142,0.4820311963558197,0.6588001251220703,0.9337688088417053,0.5250099897384644,0.781865656375885,0.94908207654953,0.560206413269043,0.7145854830741882,0.9971696138381958,0.47733965516090393,0.6754499673843384,0.3076130151748657,0.5228013396263123,0.772956132888794,0.44986841082572937
255,8.5,1,left,42.450389345119525,42.450389345119525,,0.568464994430542,0.706260621547699,0.9983552694320679,0.48212727904319763,0.6606284379959106,0.9326993227005005,0.5260941386222839,0.7834787964820862,0.9484808444976807,0.5603166222572327,0.7108340859413147,0.997162401676178,0.47755923867225647,0.6749667525291443,0.306048721075058,0.5233927369117737,0.774023175239563,0.4428485333919525
256,8.533333333333333,1,left,48.94470176070346,48.94470176070346,,0.5690587162971497,0.6974703073501587,0.9983580112457275,0.48216620087623596,0.6634992361068726,0.9342353940010071,0.5249188542366028,0.7828894257545471,0.9481962323188782,0.5583781003952026,0.7040029168128967,0.9971156716346741,0.47725367546081543,0.6765199899673462,0.32102298736572266,0.5202960968017578,0.772783100605011,0.45427846908569336
257,8.566666666666666,1,left,52.732352878712064,52.732352878712064,,0.5691851377487183,0.690534234046936,0.9983663558959961,0.4821378290653229,0.6632097363471985,0.934643030166626,0.5251844525337219,0.7825125455856323,0.9484765529632568,0.5590223670005798,0.7007803320884705,0.9970881938934326,0.47711053490638733,0.6763246059417725,0.32425299286842346,0.5202092528343201,0.772743284702301,0.45491623878479004
258,8.6,1,left,58.3747620848725,58.3747620848725,,0.56954026222229,0.6800552010536194,0.998414158821106,0.48216137290000916,0.6613704562187195,0.9337073564529419,0.525191605091095,0.7825135588645935,0.9485232830047607,0.5591346025466919,0.6942431330680847,0.9971033930778503,0.4771067500114441,0.6769667863845825,0.32649463415145874,0.5205065011978149,0.7751787304878235,0.4510112702846527
259,8.633333333333333,1,left,65.9429798825175,65.9429798825175,,0.5702078938484192,0.6679748892784119,0.998470664024353,0.48216891288757324,0.6610936522483826,0.934656023979187,0.5253692865371704,0.7824962139129639,0.9499397277832031,0.5608265399932861,0.681240439414978,0.9971007704734802,0.47713103890419006,0.6768446564674377,0.3366907238960266,0.5199054479598999,0.7751014232635498,0.4529620409011841
260,8.666666666666666,1,left,70.68345074330597,70.68345074330597,,0.5701302289962769,0.6608579158782959,0.9985749125480652,0.4820055067539215,0.6610338091850281,0.9368565678596497,0.525445818901062,0.7841771841049194,0.9523932337760925,0.5608088970184326,0.6721611022949219,0.9972345232963562,0.477117121219635,0.6744157075881958,0.34699416160583496,0.5187864303588867,0.7726961970329285,0.45542943477630615
261,8.7,1,left,77.2830966950778,77.2830966950778,,0.5700775384902954,0.6503218412399292,0.9986822009086609,0.48195067048072815,0.661003053188324,0.9403917193412781,0.5259159803390503,0.7842840552330017,0.9554218053817749,0.5595690011978149,0.6642277836799622,0.9974339008331299,0.4772036671638489,0.6742126941680908,0.3663453459739685,0.5201364755630493,0.7777004241943359,0.4683966338634491
262,8.733333333333333,1,left,83.29280051965864,83.29280051965864,,0.5685073137283325,0.640327513217926,0.9987996220588684,0.48146289587020874,0.6616106033325195,0.9442927837371826,0.5277444124221802,0.7857465744018555,0.9585647583007812,0.5585428476333618,0.6531713604927063,0.9976525902748108,0.4772097170352936,0.673160195350647,0.38623616099357605,0.5201433300971985,0.7775804996490479,0.4748048186302185
263,8.766666666666667,1,left,90.34664418851123,90.34664418851123,,0.5684382319450378,0.628178060054779,0.9989073872566223,0.48151063919067383,0.6616077423095703,0.9478051662445068,0.5284868478775024,0.7860017418861389,0.9614098072052002,0.5579484701156616,0.6427796483039856,0.9978586435317993,0.47752928733825684,0.6732177138328552,0.4040593206882477,0.5227571725845337,0.7787968516349792,0.48021411895751953
264,8.8,1,left,96.85687429670925,96.85687429670925,,0.5680450201034546,0.6168431043624878,0.9989969730377197,0.48151612281799316,0.6618627905845642,0.9508219361305237,0.5285512208938599,0.7867962718009949,0.9639172554016113,0.5576711297035217,0.629612147808075,0.9980358481407166,0.478187620639801,0.6726914048194885,0.42209485173225403,0.5231068730354309,0.7800945043563843,0.48772484064102173
265,8.833333333333334,1,left,102.38543201845197,102.38543201845197,,0.5653413534164429,0.6075235605239868,0.9990715980529785,0.48129671812057495,0.6625179052352905,0.953581690788269,0.5285256505012512,0.7867628931999207,0.9661972522735596,0.5572457313537598,0.6146590709686279,0.9981896877288818,0.479137122631073,0.6682607531547546,0.43367403745651245,0.5232626795768738,0.7798753976821899,0.49753305315971375
266,8.866666666666667,1,left,107.5982815479244,107.5982815479244,,0.5633150339126587,0.5977222323417664,0.9991520047187805,0.4817342162132263,0.6630541086196899,0.9562298059463501,0.5295307636260986,0.7869842052459717,0.9685091376304626,0.5527300834655762,0.6051651835441589,0.998342752456665,0.47915974259376526,0.6662375926971436,0.44340837001800537,0.5225416421890259,0.7774354219436646,0.5059335827827454
267,8.9,1,left,114.53248766241137,114.53248766241137,,0.5605286955833435,0.584555983543396,0.9992234110832214,0.4834318161010742,0.6611197590827942,0.9584684371948242,0.529901921749115,0.7869557738304138,0.9701732397079468,0.5485342741012573,0.5917739868164062,0.9984844923019409,0.4792427122592926,0.6640207767486572,0.44199368357658386,0.5214325785636902,0.7758956551551819,0.5064994692802429
268,8.933333333333334,1,left,122.00581471814216,122.00581471814216,,0.556203305721283,0.5721226930618286,0.9992823004722595,0.48588529229164124,0.6588988900184631,0.9591532945632935,0.5298447012901306,0.7867472171783447,0.9703897833824158,0.5444045662879944,0.5814511775970459,0.9986001253128052,0.4814813733100891,0.6625281572341919,0.43143364787101746,0.5219023823738098,0.7760186791419983,0.49765273928642273
269,8.966666666666667,1,left,128.85682986616877,128.85682986616877,,0.5527356863021851,0.5601470470428467,0.9993394613265991,0.4888235628604889,0.656143307685852,0.9603211283683777,0.529887318611145,0.7864729166030884,0.9702287912368774,0.5399754643440247,0.5700339078903198,0.9987180233001709,0.48417219519615173,0.6607778668403625,0.42812347412109375,0.5239624381065369,0.7783457040786743,0.4964745044708252
270,9.0,1,left,138.39917568484083,138.39917568484083,,0.5496906638145447,0.5487333536148071,0.9993960857391357,0.4959312379360199,0.6524125933647156,0.961567223072052,0.5298706293106079,0.7866054773330688,0.9690274000167847,0.5344982743263245,0.5610366463661194,0.9988313317298889,0.4899234175682068,0.6601104140281677,0.4389815628528595,0.524522066116333,0.7830419540405273,0.5079325437545776
271,9.033333333333333,1,left,144.17816075974673,144.17816075974673,,0.5445178747177124,0.5401596426963806,0.9994475245475769,0.49872881174087524,0.6507318019866943,0.9636746644973755,0.5309123396873474,0.7865928411483765,0.9689834117889404,0.5322725772857666,0.5529162883758545,0.9989295601844788,0.4971157908439636,0.6597973704338074,0.4427770674228668,0.526667058467865,0.7833806872367859,0.515830397605896
272,9.066666666666666,1,left,149.47098385546317,149.47098385546317,,0.5411581993103027,0.534512460231781,0.9994946122169495,0.5028146505355835,0.6445892453193665,0.9655950665473938,0.5311973094940186,0.7863212823867798,0.9688264727592468,0.5270212888717651,0.5458919405937195,0.9990178942680359,0.5019232034683228,0.6566029787063599,0.4508027732372284,0.5279757976531982,0.7845990061759949,0.5255662202835083
273,9.1,1,left,155.6353917915789,155.6353917915789,,0.5369809865951538,0.5283064246177673,0.999528706073761,0.5069218873977661,0.6433115005493164,0.9663363695144653,0.5312467217445374,0.7853670120239258,0.9668867588043213,0.5246683955192566,0.5393704771995544,0.9990739226341248,0.5089089274406433,0.6528691053390503,0.4536984860897064,0.5294304490089417,0.7846747636795044,0.5309762358665466
274,9.133333333333333,1,left,160.693210023596,160.693210023596,,0.5324939489364624,0.5226458311080933,0.9995615482330322,0.509785532951355,0.6416276097297668,0.9661620259284973,0.5312296748161316,0.7850883603096008,0.9637264013290405,0.523269772529602,0.5330283641815186,0.9991310238838196,0.5131908059120178,0.6516473889350891,0.4545843303203583,0.5298458933830261,0.7847747802734375,0.5303321480751038
275,9.166666666666666,1,left,164.33220984702555,164.33220984702555,,0.5277850031852722,0.5175588130950928,0.9995942115783691,0.5111213326454163,0.640532374382019,0.9647192358970642,0.5311842560768127,0.7841812372207642,0.9609464406967163,0.5219454169273376,0.5309310555458069,0.9991714954376221,0.5151834487915039,0.6504619121551514,0.4515311121940613,0.5296681523323059,0.7846338748931885,0.526504397392273
276,9.2,1,left,168.8112152976321,168.8112152976321,,0.5233909487724304,0.5168130993843079,0.999625027179718,0.5141178965568542,0.6414326429367065,0.9632364511489868,0.5314692258834839,0.7841230630874634,0.9588975310325623,0.5183240175247192,0.5299087166786194,0.9992138743400574,0.5171819925308228,0.6506698727607727,0.4604884088039398,0.5303984880447388,0.7844564914703369,0.5335654020309448
277,9.233333333333333,1,left,171.44265592070002,171.44265592070002,,0.5225401520729065,0.5166416764259338,0.9996501803398132,0.5167487859725952,0.6420870423316956,0.9612938761711121,0.531463086605072,0.7841330170631409,0.9571033120155334,0.5162938833236694,0.5309289693832397,0.9992423057556152,0.517109215259552,0.6507712602615356,0.4599987864494324,0.5306352376937866,0.7848050594329834,0.5319093465805054
278,9.266666666666667,1,left,172.71222352863455,172.71222352863455,,0.5214401483535767,0.5200516581535339,0.999671220779419,0.5177680253982544,0.6441217064857483,0.9612851738929749,0.5314884185791016,0.7842425107955933,0.9570705890655518,0.5133885145187378,0.5341938138008118,0.9992709159851074,0.5154556035995483,0.6519399881362915,0.4667247235774994,0.530457615852356,0.784844696521759,0.538499116897583
279,9.3,1,left,172.9564562311453,172.85113007911548,,0.5218358635902405,0.5216233730316162,0.9996887445449829,0.5184184312820435,0.6442914605140686,0.9620610475540161,0.5316476225852966,0.7830078601837158,0.9582014679908752,0.5120388865470886,0.5341504812240601,0.9992981553077698,0.5153312683105469,0.6521759033203125,0.4799710512161255,0.5303108096122742,0.783673107624054,0.5508548617362976
280,9.333333333333334,1,left,172.9845874874133,172.9564562311453,,0.520577073097229,0.5234816670417786,0.9996934533119202,0.5178447961807251,0.6462714076042175,0.961787760257721,0.5316451787948608,0.7835467457771301,0.9579452872276306,0.5120358467102051,0.5353384613990784,0.9992882609367371,0.5142167806625366,0.6539698243141174,0.4838640093803406,0.5298579931259155,0.7840830683708191,0.5560368299484253
281,9.366666666666667,1,left,172.85113007911548,172.9845874874133,,0.5192841291427612,0.5218156576156616,0.9997010231018066,0.5169845819473267,0.6463842988014221,0.9613033533096313,0.5316240787506104,0.7835665345191956,0.958623468875885,0.5117019414901733,0.5346375107765198,0.9992712736129761,0.5133950710296631,0.654024064540863,0.4908537268638611,0.5296958684921265,0.7840680480003357,0.5662564039230347
282,9.4,1,left,177.17780515586696,174.75169058765968,,0.5203529596328735,0.5206009745597839,0.9997280240058899,0.5232554078102112,0.6437022686004639,0.9414771199226379,0.533542275428772,0.7846974730491638,0.9406257271766663,0.49963054060935974,0.5177590250968933,0.9993044137954712,0.5182000398635864,0.6400054693222046,0.45094504952430725,0.5306904315948486,0.7803376317024231,0.5340811014175415
283,9.433333333333334,1,left,178.50779033323795,174.75169058765968,,0.5215953588485718,0.5197910070419312,0.9997506141662598,0.5256572961807251,0.6355432271957397,0.9305773973464966,0.5347878932952881,0.7847421765327454,0.9087834358215332,0.49941879510879517,0.5202364325523376,0.9993324279785156,0.5158330798149109,0.6309396028518677,0.41386738419532776,0.5324172377586365,0.776240885257721,0.49015888571739197
284,9.466666666666667,1,left,174.75169058765968,174.75169058765968,,0.5294036269187927,0.5263673067092896,0.9997690320014954,0.5262612104415894,0.6369689702987671,0.9326948523521423,0.535611629486084,0.7847312092781067,0.905177891254425,0.5056241750717163,0.5352294445037842,0.9993609189987183,0.5184670090675354,0.6353374719619751,0.3962872326374054,0.5339975357055664,0.7764793038368225,0.4719102680683136
285,9.5,1,left,161.1578907208872,161.1578907208872,,0.5529323816299438,0.5471422076225281,0.9997687935829163,0.5276538133621216,0.6378327012062073,0.9365407228469849,0.5360196828842163,0.7843865752220154,0.9062002301216125,0.5279775857925415,0.5666917562484741,0.9991451501846313,0.5180789232254028,0.6373944878578186,0.4029805362224579,0.5325329303741455,0.777586817741394,0.45858368277549744
286,9.533333333333333,1,left,157.8451386868173,158.60437993819204,,0.5648291707038879,0.545220673084259,0.9997743964195251,0.5311685800552368,0.6383067965507507,0.9323261976242065,0.5369741320610046,0.7844735383987427,0.9021551609039307,0.5377801060676575,0.5638566613197327,0.9991025924682617,0.517808735370636,0.642925500869751,0.41137969493865967,0.5323642492294312,0.779366672039032,0.4463845491409302
287,9.566666666666666,1,left,156.73140187178345,158.60437993819204,,0.5672280192375183,0.5440766215324402,0.9997847676277161,0.531083345413208,0.6387423872947693,0.9283344149589539,0.5371277332305908,0.7847191691398621,0.9047772884368896,0.5426991581916809,0.5609292387962341,0.999087393283844,0.5171586275100708,0.6451012492179871,0.4283752739429474,0.5300233364105225,0.7815768122673035,0.45011863112449646
288,9.6,1,left,158.60437993819204,158.60437993819204,,0.5658776760101318,0.5355864763259888,0.9997856020927429,0.5309696793556213,0.6378260850906372,0.9233657717704773,0.537499725818634,0.7847979664802551,0.9067675471305847,0.5410375595092773,0.5586723685264587,0.999086320400238,0.5165208578109741,0.6457926630973816,0.4484100341796875,0.529977560043335,0.7827169299125671,0.4564668834209442
289,9.633333333333333,1,left,158.83354404279535,158.60437993819204,,0.5652959942817688,0.5336567759513855,0.9997895359992981,0.5306559801101685,0.6374093294143677,0.9171239733695984,0.5376180410385132,0.7848336696624756,0.9078494310379028,0.5403217077255249,0.5584770441055298,0.9990708827972412,0.5164313316345215,0.6459887623786926,0.46491774916648865,0.529976487159729,0.7830425500869751,0.45437830686569214
290,9.666666666666666,1,left,158.68538869864093,158.60437993819204,,0.5649274587631226,0.5325210690498352,0.9997928142547607,0.530024528503418,0.637517511844635,0.9135658740997314,0.5375626683235168,0.7849593758583069,0.910251796245575,0.5409785509109497,0.558445155620575,0.9990718960762024,0.515602707862854,0.6465903520584106,0.4820878803730011,0.5294150114059448,0.7834644317626953,0.4580802619457245
291,9.7,1,left,157.9720078661561,157.9720078661561,,0.5650174617767334,0.5325167179107666,0.9997961521148682,0.5292028188705444,0.6376979351043701,0.9096078276634216,0.5374993085861206,0.784981369972229,0.9134096503257751,0.5403900742530823,0.5589244961738586,0.9990646243095398,0.5137466192245483,0.646725594997406,0.49892887473106384,0.528952956199646,0.7837291359901428,0.4645683765411377
292,9.733333333333333,1,left,156.6400676933373,156.6400676933373,,0.565177321434021,0.5325320959091187,0.9998031854629517,0.5276930928230286,0.6378344893455505,0.9075175523757935,0.5373809933662415,0.7850191593170166,0.9163331389427185,0.5408579111099243,0.5587291121482849,0.9990783929824829,0.5126222372055054,0.6468520760536194,0.5139827132225037,0.5286216735839844,0.7839012145996094,0.4707845449447632
293,9.766666666666667,1,left,155.41935381870536,155.41935381870536,,0.5648890137672424,0.5324658751487732,0.9998131394386292,0.5260553956031799,0.6379431486129761,0.9024112224578857,0.5373215079307556,0.7854216694831848,0.9184459447860718,0.5407889485359192,0.5583846569061279,0.9991099834442139,0.5109277367591858,0.6469849944114685,0.5241193175315857,0.528489351272583,0.7844201326370239,0.47273895144462585
294,9.8,1,left,152.6957201742984,152.6957201742984,,0.5647863745689392,0.53246009349823,0.9998224377632141,0.5225304365158081,0.638497531414032,0.8994986414909363,0.5369526743888855,0.7861976623535156,0.9214242696762085,0.5408434867858887,0.5581997632980347,0.9991461634635925,0.5090466737747192,0.6490048766136169,0.5335635542869568,0.527934193611145,0.7855325937271118,0.4742884039878845
295,9.833333333333334,1,left,150.5866440768722,150.5866440768722,,0.5641868710517883,0.5327593684196472,0.9998335242271423,0.5192150473594666,0.6396962404251099,0.8949909210205078,0.5362775325775146,0.7870641946792603,0.9234716296195984,0.5403351187705994,0.5580875277519226,0.9992019534111023,0.5071895718574524,0.6508910059928894,0.5449169874191284,0.5274097919464111,0.7860378623008728,0.4752499759197235
296,9.866666666666667,1,left,148.83182140387285,148.83182140387285,,0.5638911724090576,0.5331642627716064,0.9998379349708557,0.5169917345046997,0.6398435831069946,0.8861057162284851,0.5362039804458618,0.7870365977287292,0.9228487014770508,0.5400222539901733,0.5579311847686768,0.9992183446884155,0.5052732825279236,0.6520487070083618,0.5468075275421143,0.5274078845977783,0.7858220338821411,0.46901270747184753
297,9.9,1,left,147.5732527789958,147.5732527789958,,0.563661515712738,0.5332671999931335,0.9998170733451843,0.5156725645065308,0.638612687587738,0.8823994398117065,0.535868763923645,0.7834967374801636,0.9199283123016357,0.539717435836792,0.5571531057357788,0.9991837739944458,0.503973662853241,0.6521072387695312,0.5597070455551147,0.5268118977546692,0.785797655582428,0.47649240493774414
298,9.933333333333334,1,left,147.46645492871144,147.46645492871144,,0.5629912614822388,0.5337416529655457,0.9998147487640381,0.5154913663864136,0.6381943821907043,0.8821813464164734,0.5358879566192627,0.7818701267242432,0.9201710820198059,0.5381641983985901,0.5570342540740967,0.9991890788078308,0.50432288646698,0.6518352031707764,0.5715596079826355,0.5267330408096313,0.784223198890686,0.48207297921180725
299,9.966666666666667,1,left,140.17548791930423,144.18998238118368,,0.561077356338501,0.532883882522583,0.9997990727424622,0.5157214403152466,0.6363545060157776,0.8845654726028442,0.5485406517982483,0.7496549487113953,0.9195811152458191,0.5346990823745728,0.5533730387687683,0.9991836547851562,0.5037633180618286,0.6518318057060242,0.5893961191177368,0.5263662338256836,0.7831636071205139,0.4996967613697052
300,10.0,1,left,135.41678748485248,144.18998238118368,,0.5595303773880005,0.5324202179908752,0.9997895956039429,0.5153011083602905,0.6312311291694641,0.8908544778823853,0.5514170527458191,0.7279861569404602,0.9205642342567444,0.5329016447067261,0.5513560175895691,0.9991986751556396,0.5039465427398682,0.6511745452880859,0.6140288710594177,0.526253342628479,0.7830229997634888,0.532101035118103
301,10.033333333333333,1,left,144.18998238118368,144.18998238118368,,0.5588493943214417,0.5315454006195068,0.9997920393943787,0.5124421715736389,0.6356697082519531,0.8851268291473389,0.5386189818382263,0.7611029744148254,0.9195082783699036,0.5330032110214233,0.5472628474235535,0.9992170929908752,0.503960371017456,0.6512377262115479,0.601634681224823,0.5257797837257385,0.7810115218162537,0.5163618922233582
302,10.066666666666666,1,left,145.961105442684,145.02136689815694,,0.5582016706466675,0.530828058719635,0.9997894167900085,0.5105075240135193,0.6380102634429932,0.8764239549636841,0.5348508954048157,0.7753576636314392,0.915422260761261,0.5330634713172913,0.5447534918785095,0.9992212057113647,0.5039824843406677,0.651010274887085,0.5854654312133789,0.5254725217819214,0.7805846929550171,0.49682140350341797
303,10.1,1,left,147.151788160652,145.961105442684,,0.5538386106491089,0.5308781862258911,0.9997768998146057,0.5082346200942993,0.6388345956802368,0.8777781128883362,0.5322731733322144,0.7758972644805908,0.9110495448112488,0.5312339067459106,0.5453253984451294,0.9992274641990662,0.5040804743766785,0.6507996916770935,0.5842897891998291,0.5245968103408813,0.7788617014884949,0.497526615858078
304,10.133333333333333,1,left,145.02136689815694,147.151788160652,,0.5517665147781372,0.5313169956207275,0.9997742176055908,0.5053480267524719,0.6387785077095032,0.8840409517288208,0.5313776135444641,0.7653998136520386,0.9060471653938293,0.5288545489311218,0.5457757711410522,0.9992603659629822,0.5050197243690491,0.6507801413536072,0.5917109251022339,0.5271153450012207,0.7812984585762024,0.5208178758621216
305,10.166666666666666,1,left,147.67119636962036,147.3929725148974,,0.5513269305229187,0.5314978361129761,0.999773383140564,0.5062782764434814,0.6425851583480835,0.8840675354003906,0.5305749177932739,0.7768799662590027,0.9011055827140808,0.5291013121604919,0.5448822379112244,0.999265730381012,0.5075246095657349,0.6507150530815125,0.5714417695999146,0.5273858308792114,0.7819506525993347,0.5121878981590271
306,10.2,1,left,148.19040660359144,147.67119636962036,,0.5506245493888855,0.5317773222923279,0.9997754096984863,0.5064837336540222,0.642899215221405,0.8833036422729492,0.5311311483383179,0.7806396484375,0.8938655853271484,0.5283618569374084,0.544198215007782,0.9992820024490356,0.5071287751197815,0.6499969959259033,0.5545907020568848,0.529238224029541,0.7819531559944153,0.505490779876709
307,10.233333333333333,1,left,147.3929725148974,148.0630324876866,,0.5503881573677063,0.5299727320671082,0.9997632503509521,0.5065239667892456,0.6316540241241455,0.8873159289360046,0.5307111144065857,0.7798069715499878,0.8935052156448364,0.5278831124305725,0.5423809289932251,0.999268651008606,0.5009638667106628,0.6437408328056335,0.5653716921806335,0.5291144847869873,0.7814863324165344,0.5150195956230164
308,10.266666666666667,1,left,148.0630324876866,148.19040660359144,,0.5494750142097473,0.529681384563446,0.9997607469558716,0.5066633820533752,0.631943941116333,0.893799364566803,0.5310269594192505,0.7820268869400024,0.8950396776199341,0.5279968976974487,0.5399498343467712,0.9992496967315674,0.49919813871383667,0.6411674618721008,0.5614973902702332,0.5289427638053894,0.7749829888343811,0.5132220983505249
309,10.3,1,left,149.0468170897319,149.0468170897319,,0.5475494861602783,0.5303082466125488,0.9997578859329224,0.5060808062553406,0.6355999708175659,0.8956112265586853,0.5311034917831421,0.7858318090438843,0.8933318853378296,0.5271427035331726,0.5399804711341858,0.9992037415504456,0.48156681656837463,0.6407759785652161,0.5461200475692749,0.5277165770530701,0.7692798972129822,0.49299681186676025
310,10.333333333333334,1,left,149.33107389927022,149.33107389927022,,0.545610785484314,0.53033846616745,0.9997628927230835,0.5047394037246704,0.6413587927818298,0.9014741778373718,0.5316483974456787,0.7871418595314026,0.8994643688201904,0.5273380875587463,0.5380595922470093,0.9991729855537415,0.48132023215293884,0.6370773911476135,0.5299744606018066,0.5271304845809937,0.7664698958396912,0.4803333580493927
311,10.366666666666667,1,left,149.48255210069962,149.48255210069962,,0.5452046394348145,0.5293749570846558,0.9997733235359192,0.504666805267334,0.641284167766571,0.8979517221450806,0.53179931640625,0.7861940264701843,0.8937360644340515,0.5275051593780518,0.5378974676132202,0.9992080926895142,0.48277705907821655,0.637626588344574,0.5159613490104675,0.5285549163818359,0.7682245969772339,0.46210646629333496
312,10.4,1,left,150.19560590527948,150.19560590527948,,0.543685257434845,0.5289453268051147,0.9997811913490295,0.5046160221099854,0.6411226987838745,0.9024346470832825,0.5316692590713501,0.7856504917144775,0.8969827890396118,0.5282830595970154,0.5367966294288635,0.9992418885231018,0.4855772852897644,0.6370624899864197,0.5160084962844849,0.5288130640983582,0.7693148255348206,0.463062047958374
313,10.433333333333334,1,left,151.21660140487236,151.21660140487236,,0.5424452424049377,0.5267469882965088,0.9997867941856384,0.5047846436500549,0.6412064433097839,0.906807541847229,0.5316263437271118,0.7850413918495178,0.9001594185829163,0.5318318009376526,0.5354160666465759,0.9992631077766418,0.49464139342308044,0.6375498175621033,0.5019277930259705,0.5296375155448914,0.7733553647994995,0.4593047797679901
314,10.466666666666667,1,left,152.206410358846,152.206410358846,,0.5411266088485718,0.5239503383636475,0.9997934699058533,0.5046958327293396,0.6411702036857605,0.9120199084281921,0.5313777327537537,0.7847292423248291,0.9035463333129883,0.537655234336853,0.5347558259963989,0.9992889761924744,0.49958285689353943,0.6379028558731079,0.49006494879722595,0.5295766592025757,0.7747526168823242,0.4608227014541626
315,10.5,1,left,153.8664806662722,153.8664806662722,,0.5389949083328247,0.5210976004600525,0.9998025298118591,0.5049823522567749,0.6411699056625366,0.9177756905555725,0.5310771465301514,0.7845067381858826,0.9086371064186096,0.5396691560745239,0.5322612524032593,0.9993141889572144,0.5064622759819031,0.6400291323661804,0.4746628701686859,0.5297904014587402,0.7779204249382019,0.46300601959228516
316,10.533333333333333,1,left,154.5009228827972,154.5009228827972,,0.5390819311141968,0.519872784614563,0.999798059463501,0.5055890679359436,0.6411954760551453,0.9224759936332703,0.5310012102127075,0.7843482494354248,0.9127917885780334,0.5402508974075317,0.5304591655731201,0.9993027448654175,0.5087445974349976,0.6405457258224487,0.45942816138267517,0.5298813581466675,0.7783867716789246,0.4609532952308655
317,10.566666666666666,1,left,156.58159852626682,156.58159852626682,,0.5365611910820007,0.5192500352859497,0.9997981786727905,0.5064989328384399,0.6410301327705383,0.924448549747467,0.5305957794189453,0.7842321395874023,0.9137061834335327,0.5395342111587524,0.5298898220062256,0.9992871880531311,0.5112606287002563,0.641076922416687,0.43962571024894714,0.529854416847229,0.7787563800811768,0.4542735815048218
318,10.6,1,left,158.14988822707915,158.14988822707915,,0.5363122224807739,0.5187831521034241,0.9997681379318237,0.5081487894058228,0.6414024233818054,0.9250390529632568,0.5305415391921997,0.7841606140136719,0.9117339849472046,0.5398997068405151,0.5286925435066223,0.9991843104362488,0.5127105116844177,0.641987144947052,0.41903308033943176,0.5298398733139038,0.7787455320358276,0.4431442618370056
319,10.633333333333333,1,left,160.2324383933387,160.2324383933387,,0.5334816575050354,0.5176125764846802,0.9997382164001465,0.5090189576148987,0.6412609815597534,0.9239561557769775,0.5305651426315308,0.7841225266456604,0.9062900543212891,0.5398823022842407,0.5274275541305542,0.9990301728248596,0.5152533054351807,0.642524003982544,0.3970208466053009,0.5302912592887878,0.7790032625198364,0.42712169885635376
320,10.666666666666666,1,left,160.83698635051738,160.83698635051738,,0.5320005416870117,0.517073392868042,0.999735951423645,0.5090028047561646,0.6409898996353149,0.9256078600883484,0.5305863618850708,0.7828823328018188,0.9051789045333862,0.5400823354721069,0.5269054770469666,0.9990034699440002,0.5141804814338684,0.6427474617958069,0.3782821595668793,0.5300453305244446,0.7783576250076294,0.41208091378211975
321,10.7,1,left,161.625156075598,161.625156075598,,0.5302988886833191,0.5160776972770691,0.9997360110282898,0.5089887976646423,0.6404867768287659,0.9261907935142517,0.5306028723716736,0.7824819684028625,0.9032588005065918,0.5395757555961609,0.5266475081443787,0.99896639585495,0.5145390629768372,0.6428974866867065,0.35851651430130005,0.530031681060791,0.7783430218696594,0.39562317728996277
322,10.733333333333333,1,left,162.10943046013992,162.10943046013992,,0.5290769338607788,0.5161451697349548,0.9997069239616394,0.5088695287704468,0.6398836970329285,0.9265885949134827,0.5304590463638306,0.782374918460846,0.9030957818031311,0.5391361713409424,0.5266430377960205,0.998809278011322,0.5153412222862244,0.642692506313324,0.3399595320224762,0.529697597026825,0.7782520055770874,0.38221901655197144
323,10.766666666666667,1,left,162.69811035642695,162.69811035642695,,0.528757631778717,0.5152480602264404,0.999708354473114,0.5094577074050903,0.6391580104827881,0.9252369403839111,0.5307273268699646,0.782352089881897,0.9025982618331909,0.5381814241409302,0.5263188481330872,0.9987812042236328,0.5166195631027222,0.6426981687545776,0.3253636062145233,0.5299072861671448,0.7783434391021729,0.3708399534225464
324,10.8,1,left,163.10109549036585,163.10109549036585,,0.5283804535865784,0.5147558450698853,0.999707818031311,0.509820818901062,0.6379016637802124,0.9236726760864258,0.5309478044509888,0.7822244167327881,0.9017059206962585,0.5371822118759155,0.5262773633003235,0.9987411499023438,0.5169277191162109,0.6426647305488586,0.31129613518714905,0.5302549600601196,0.778365433216095,0.3604776859283447
325,10.833333333333334,1,left,163.9186930671293,163.9186930671293,,0.5278434157371521,0.5148912072181702,0.9996791481971741,0.5109063386917114,0.639390230178833,0.9227854609489441,0.5318845510482788,0.7825914621353149,0.9031003713607788,0.5363497138023376,0.52630215883255,0.9986023306846619,0.5184217691421509,0.6443386077880859,0.30235427618026733,0.5315024256706238,0.7783752083778381,0.35782644152641296
326,10.866666666666667,1,left,164.53584525193952,164.53584525193952,,0.5275126099586487,0.5149999260902405,0.9996472001075745,0.5116079449653625,0.6407225131988525,0.92156583070755,0.5322347283363342,0.7829096913337708,0.9042819142341614,0.5354057550430298,0.5263627767562866,0.9984642863273621,0.5197442770004272,0.6455724239349365,0.29332906007766724,0.5324541330337524,0.7787571549415588,0.35668447613716125
327,10.9,1,left,165.19629459744905,165.19629459744905,,0.5264323949813843,0.514835774898529,0.9996328949928284,0.5116979479789734,0.6406954526901245,0.9212474822998047,0.5321171879768372,0.7836951017379761,0.9048885107040405,0.5335811972618103,0.5255189538002014,0.9984214901924133,0.5198490023612976,0.6457022428512573,0.29258859157562256,0.5323998928070068,0.7808382511138916,0.3582691252231598
328,10.933333333333334,1,left,166.20102166001496,166.20102166001496,,0.5249495506286621,0.514908492565155,0.9996284246444702,0.5122049450874329,0.6411927342414856,0.9216141104698181,0.5323203802108765,0.7836682796478271,0.9077014327049255,0.5325110554695129,0.5255538821220398,0.9983803033828735,0.5201836228370667,0.6467393636703491,0.2916904389858246,0.5329667925834656,0.7811778783798218,0.36149030923843384
329,10.966666666666667,1,left,166.47736286364537,166.47736286364537,,0.5245863199234009,0.5148673057556152,0.999631404876709,0.5123373866081238,0.6411778330802917,0.9200646281242371,0.5323175191879272,0.7836377024650574,0.9092481136322021,0.5325521230697632,0.5255916714668274,0.9983919858932495,0.5201606154441833,0.6467201709747314,0.2931126654148102,0.533159613609314,0.7814155220985413,0.3664301335811615
330,11.0,1,left,167.2023768523942,167.2023768523942,,0.524194598197937,0.5149070620536804,0.9996404647827148,0.5130661725997925,0.6413002014160156,0.9199296832084656,0.5324753522872925,0.7836200594902039,0.9124985337257385,0.5321046113967896,0.5256113409996033,0.9984332919120789,0.5206708312034607,0.6473261117935181,0.2956034541130066,0.5333393216133118,0.7815987467765808,0.3773828446865082
331,11.033333333333333,1,left,167.35474934625077,167.35474934625077,,0.5238823294639587,0.5145325064659119,0.9996493458747864,0.513085126876831,0.6412881016731262,0.9198497533798218,0.5325325727462769,0.7836927175521851,0.9146460890769958,0.5318833589553833,0.5254663228988647,0.9985042810440063,0.520828127861023,0.6474669575691223,0.29716601967811584,0.5334567427635193,0.781897246837616,0.38485005497932434
332,11.066666666666666,1,left,167.5059504712305,167.5059504712305,,0.5238028764724731,0.5145587921142578,0.9996556639671326,0.5132719278335571,0.6411677598953247,0.9198640584945679,0.532639741897583,0.7836788296699524,0.9162113070487976,0.5301223993301392,0.5254808664321899,0.9985583424568176,0.52074134349823,0.6474402546882629,0.31064262986183167,0.5334678888320923,0.7818859815597534,0.3968776762485504
333,11.1,1,left,167.8492650719574,167.8492650719574,,0.522983193397522,0.5145806670188904,0.9996514320373535,0.5132588744163513,0.642362654209137,0.9201111793518066,0.5326138734817505,0.783678412437439,0.91907799243927,0.5301283001899719,0.525500476360321,0.9985859990119934,0.5208688974380493,0.6481180787086487,0.3138252794742584,0.53374183177948,0.7820214033126831,0.40703120827674866
334,11.133333333333333,1,left,168.02931700229237,168.02931700229237,,0.5224826335906982,0.5145933628082275,0.9996373057365417,0.5132470726966858,0.6430593729019165,0.9178581833839417,0.5326813459396362,0.7838600277900696,0.9197700619697571,0.5295484066009521,0.5255123972892761,0.9985712170600891,0.5209575891494751,0.6484447121620178,0.31610366702079773,0.5340952277183533,0.7822892665863037,0.4117226004600525
335,11.166666666666666,1,left,168.3966155582115,168.3966155582115,,0.5213126540184021,0.5145149827003479,0.9996320605278015,0.513053297996521,0.6424368023872375,0.9170929193496704,0.532705545425415,0.7838965654373169,0.9204649329185486,0.5291833281517029,0.5249150395393372,0.9985862374305725,0.5208982229232788,0.6479912400245667,0.3183993995189667,0.5342215895652771,0.7823404669761658,0.41457274556159973
336,11.2,1,left,168.66562095531964,168.66562095531964,,0.5207504034042358,0.5146584510803223,0.9996271729469299,0.5130651593208313,0.643486738204956,0.9184955358505249,0.5327044129371643,0.784649133682251,0.9219436645507812,0.5282400250434875,0.5251386165618896,0.9986259341239929,0.5208672285079956,0.6493989825248718,0.31453612446784973,0.5342079401016235,0.7828537821769714,0.4168793857097626
337,11.233333333333333,1,left,169.01848049181066,168.92115126313988,,0.5200473070144653,0.5143144130706787,0.9996162056922913,0.5130351781845093,0.6434405446052551,0.9167314171791077,0.5325738191604614,0.7847341895103455,0.9211353659629822,0.5274920463562012,0.5247948169708252,0.9986170530319214,0.5208349227905273,0.6491983532905579,0.3083544075489044,0.5342026948928833,0.7830326557159424,0.4114001989364624
338,11.266666666666667,1,left,168.92115126313988,168.92115126313988,,0.5199916958808899,0.5141948461532593,0.9996175765991211,0.5129052996635437,0.6434863805770874,0.9175475239753723,0.5326608419418335,0.7851008772850037,0.9216340780258179,0.5273715853691101,0.5248096585273743,0.998661994934082,0.5208202600479126,0.6494846940040588,0.3021022379398346,0.534183144569397,0.7834039330482483,0.40945446491241455
339,11.3,1,left,169.11765288862773,168.92115126313988,,0.5194920897483826,0.5142024755477905,0.9996009469032288,0.5128564238548279,0.6438294649124146,0.9141567945480347,0.5326138138771057,0.785271942615509,0.9206911325454712,0.5266669392585754,0.5248565673828125,0.998668372631073,0.5207937955856323,0.6497865915298462,0.2966671586036682,0.5342531800270081,0.783904492855072,0.4088551700115204
340,11.333333333333334,1,left,168.8566313272032,168.92115126313988,,0.5189984440803528,0.514208972454071,0.9995819330215454,0.5122882127761841,0.6435590386390686,0.9113039374351501,0.5326348543167114,0.7852150797843933,0.9187310338020325,0.5265089869499207,0.5248470902442932,0.9986646175384521,0.5207565426826477,0.6493004560470581,0.2906952500343323,0.5343018770217896,0.7840506434440613,0.4045392870903015
341,11.366666666666667,1,left,168.87752843014783,169.04589858192236,,0.518722653388977,0.5140931606292725,0.9995802640914917,0.5120335817337036,0.6426437497138977,0.9104421734809875,0.5324349999427795,0.7852102518081665,0.9186241626739502,0.5252318978309631,0.5248571038246155,0.9986745119094849,0.5204228758811951,0.6491717100143433,0.28687095642089844,0.5338293313980103,0.7841640710830688,0.4007858633995056
342,11.4,1,left,169.04589858192236,169.04589858192236,,0.5186849236488342,0.5140455961227417,0.9995821714401245,0.5121573805809021,0.6424120664596558,0.9102895855903625,0.5323526859283447,0.7853295207023621,0.9182382822036743,0.5243304371833801,0.524975061416626,0.9986903071403503,0.5199784636497498,0.6491499543190002,0.28251832723617554,0.5333221554756165,0.784473180770874,0.3953835964202881
343,11.433333333333334,1,left,169.21311507568103,169.21311507568103,,0.518650472164154,0.5139540433883667,0.9995777010917664,0.5122473835945129,0.6420319080352783,0.9113413095474243,0.5321941375732422,0.7853240966796875,0.9192567467689514,0.5236166715621948,0.5249792337417603,0.9986854195594788,0.5198203325271606,0.6491352319717407,0.2812521457672119,0.5328969955444336,0.784551203250885,0.39541104435920715
344,11.466666666666667,1,left,169.3770345492011,169.3770345492011,,0.5186998844146729,0.5138974785804749,0.9995728135108948,0.5124271512031555,0.6420275568962097,0.9116520881652832,0.5320955514907837,0.785234272480011,0.9190391302108765,0.5230951309204102,0.525023877620697,0.9986867904663086,0.5195137858390808,0.6491238474845886,0.2757015824317932,0.5325507521629333,0.7845554947853088,0.39130598306655884
345,11.5,1,left,169.40299321221693,169.40299321221693,,0.5187252759933472,0.5146039724349976,0.9995713829994202,0.5125184059143066,0.6423197388648987,0.9127511382102966,0.5321321487426758,0.785231351852417,0.9209042191505432,0.5224387645721436,0.5253808498382568,0.9986915588378906,0.5191234350204468,0.6492986679077148,0.2718929350376129,0.5321328639984131,0.7844861745834351,0.3931061923503876
346,11.533333333333333,1,left,169.4463022319077,169.4463022319077,,0.5187292098999023,0.5155559778213501,0.99957674741745,0.5125226378440857,0.6428557634353638,0.9136641621589661,0.5319302082061768,0.7852289080619812,0.9226468205451965,0.5224781036376953,0.5260012149810791,0.9987067580223083,0.5190691351890564,0.6493039727210999,0.27024850249290466,0.5321364402770996,0.7844739556312561,0.3964307904243469
347,11.566666666666666,1,left,169.48697097559264,169.48697097559264,,0.5187505483627319,0.5170516967773438,0.9995819330215454,0.5126742720603943,0.6432088613510132,0.9167792797088623,0.532011866569519,0.7851959466934204,0.926162838935852,0.5221627950668335,0.526870846748352,0.9987300634384155,0.5190653204917908,0.6494451761245728,0.27159732580184937,0.5321730375289917,0.7843851447105408,0.40601029992103577
348,11.6,1,left,169.58347547585228,169.58347547585228,,0.5186647176742554,0.5170267820358276,0.9995757341384888,0.512641966342926,0.642816960811615,0.9165326356887817,0.5318132638931274,0.7850721478462219,0.9268317818641663,0.5222383737564087,0.5267404913902283,0.9987001419067383,0.5191091299057007,0.6481313109397888,0.2683563828468323,0.532174825668335,0.7844521999359131,0.4040673077106476
349,11.633333333333333,1,left,169.84068312155398,169.58347547585228,,0.5187460780143738,0.5175129175186157,0.9995913505554199,0.5130205154418945,0.6432054042816162,0.9191997647285461,0.5318264365196228,0.7850713133811951,0.9302999377250671,0.5222681760787964,0.5274316668510437,0.9987314343452454,0.5190006494522095,0.6487176418304443,0.277160108089447,0.5320013165473938,0.7843959927558899,0.4173804223537445
350,11.666666666666666,1,left,169.84188807306654,169.58347547585228,,0.5187585353851318,0.5181543231010437,0.9996062517166138,0.5130694508552551,0.6438625454902649,0.9232763051986694,0.5318243503570557,0.7850463390350342,0.9345011115074158,0.5224472880363464,0.5278597474098206,0.9987765550613403,0.5192291736602783,0.6491267085075378,0.2815200090408325,0.5320033431053162,0.7840374112129211,0.4328060746192932
351,11.7,1,left,169.4429174138207,169.4429174138207,,0.519639253616333,0.5184910297393799,0.9996208548545837,0.5130689740180969,0.6436486840248108,0.9257181882858276,0.5318201184272766,0.7850849628448486,0.935745358467102,0.5213987231254578,0.5283781290054321,0.998820960521698,0.5187770128250122,0.6492723822593689,0.2800288796424866,0.5318782925605774,0.7841004729270935,0.43099987506866455
352,11.733333333333333,1,left,169.28959861644407,169.28959861644407,,0.5199301838874817,0.5195910334587097,0.9996339082717896,0.5131023526191711,0.6444033980369568,0.9287487268447876,0.5318218469619751,0.7850896120071411,0.9386592507362366,0.5214117765426636,0.5295867919921875,0.9988657236099243,0.5187786817550659,0.6507031917572021,0.28288698196411133,0.5318742394447327,0.7841235995292664,0.441338449716568
353,11.766666666666667,1,left,168.85859390790822,168.85859390790822,,0.5211955904960632,0.52054762840271,0.9996371865272522,0.513265073299408,0.6449584364891052,0.9311093091964722,0.5317038297653198,0.7851272821426392,0.9405458569526672,0.521228551864624,0.5304518342018127,0.9988937973976135,0.5187174081802368,0.6528186798095703,0.2828419804573059,0.5317360162734985,0.7843906283378601,0.44757115840911865
354,11.8,1,left,168.77237257830822,168.77237257830822,,0.52137291431427,0.520756721496582,0.999640941619873,0.5132661461830139,0.6449481844902039,0.9287675619125366,0.5317032933235168,0.7851271033287048,0.9385821223258972,0.5209169983863831,0.5307930707931519,0.9989144802093506,0.5186268091201782,0.6528528332710266,0.2791980803012848,0.5317539572715759,0.7847306132316589,0.4417150914669037
355,11.833333333333334,1,left,168.21015903575534,168.21015903575534,,0.5226186513900757,0.5210466980934143,0.9996505975723267,0.5132973790168762,0.6450380682945251,0.9311162829399109,0.5317243337631226,0.7851820588111877,0.9409282207489014,0.5209337472915649,0.5308659672737122,0.9989535212516785,0.5184292793273926,0.6533729434013367,0.28085777163505554,0.5317443609237671,0.7845714092254639,0.4499182403087616
356,11.866666666666667,1,left,167.65402562766752,167.65402562766752,,0.5236995816230774,0.5214256048202515,0.9996601939201355,0.5133218169212341,0.6451142430305481,0.9330809116363525,0.5318897366523743,0.7852075695991516,0.9422948360443115,0.5209688544273376,0.5311206579208374,0.9989929795265198,0.5184257626533508,0.6534137725830078,0.2797572612762451,0.5319811105728149,0.7840968370437622,0.4539183974266052
357,11.9,1,left,167.35696949071453,167.3787238826363,,0.5243952870368958,0.5219815969467163,0.9996699690818787,0.5136719942092896,0.6461527347564697,0.9327251315116882,0.5324910283088684,0.7852084040641785,0.9425199627876282,0.520869255065918,0.531976580619812,0.9990301132202148,0.518391489982605,0.6549904942512512,0.2823750376701355,0.5323300957679749,0.7840611338615417,0.4560351073741913
358,11.933333333333334,1,left,167.3787238826363,167.35696949071453,,0.5248550176620483,0.5235745310783386,0.9996674656867981,0.514146089553833,0.6472170948982239,0.9317902326583862,0.5327326059341431,0.785209596157074,0.9432467222213745,0.521011471748352,0.5331506133079529,0.9990290403366089,0.5183941721916199,0.6557334065437317,0.28455305099487305,0.5324958562850952,0.7838056087493896,0.4595795273780823
359,11.966666666666667,1,left,166.58029840358765,166.58029840358765,,0.5278016924858093,0.5238312482833862,0.9996716380119324,0.5148747563362122,0.6472657918930054,0.9321557879447937,0.532889187335968,0.7851949334144592,0.9438493847846985,0.5219806432723999,0.5341513752937317,0.9990434050559998,0.5183931589126587,0.6557378172874451,0.2847422659397125,0.5326042771339417,0.783589243888855,0.4599398672580719
360,12.0,1,left,166.02151866918683,166.58029840358765,,0.5292544960975647,0.5239689946174622,0.9996526837348938,0.5150017142295837,0.6472448110580444,0.931200385093689,0.5328863859176636,0.7852622866630554,0.9413771033287048,0.5245496034622192,0.5340666174888611,0.9990197420120239,0.5192535519599915,0.6541872024536133,0.2801622152328491,0.5327495336532593,0.7835794687271118,0.44928446412086487
361,12.033333333333333,1,left,166.57201851418137,166.58029840358765,,0.5314653515815735,0.5239181518554688,0.9996488094329834,0.5168038606643677,0.6470329761505127,0.931779146194458,0.5328978896141052,0.7853529453277588,0.9404931664466858,0.5250352621078491,0.5340332388877869,0.9990395307540894,0.5200318098068237,0.6537062525749207,0.27841421961784363,0.5326716303825378,0.783424437046051,0.44175854325294495
362,12.066666666666666,1,left,166.99869060471127,166.99869060471127,,0.5320230722427368,0.5234940052032471,0.99965900182724,0.517593502998352,0.6467469930648804,0.9332053065299988,0.5329969525337219,0.7857374548912048,0.940653920173645,0.5257501602172852,0.5339725613594055,0.9990783333778381,0.5205957889556885,0.6536731719970703,0.28079646825790405,0.5317553281784058,0.7833894491195679,0.44027620553970337
363,12.1,1,left,168.3656079638011,168.3656079638011,,0.5337511897087097,0.5219982862472534,0.9996612668037415,0.5201166272163391,0.6443747878074646,0.9335837960243225,0.5331767797470093,0.7857758402824402,0.9388859868049622,0.5269330739974976,0.5326424241065979,0.9991151094436646,0.5218064188957214,0.6507083773612976,0.2804865837097168,0.531871497631073,0.7828919887542725,0.4342067539691925
364,12.133333333333333,1,left,169.42798457516176,169.42798457516176,,0.5344372987747192,0.5224429368972778,0.9996666312217712,0.5217330455780029,0.6445304751396179,0.9345211386680603,0.5331772565841675,0.7858037948608398,0.9391824007034302,0.5287492871284485,0.5326312184333801,0.9991509914398193,0.5240989923477173,0.6507634520530701,0.2773294448852539,0.5319334268569946,0.7828245759010315,0.43365421891212463
365,12.166666666666666,1,left,170.18866807870586,170.18866807870586,,0.5348692536354065,0.5224508047103882,0.9996775984764099,0.5229215621948242,0.6451628804206848,0.9366394281387329,0.5334218740463257,0.7864504456520081,0.9407441020011902,0.5337816476821899,0.5325279831886292,0.9991936087608337,0.5249549746513367,0.6514948010444641,0.28414350748062134,0.5319515466690063,0.7834936380386353,0.4435667097568512
366,12.2,1,left,170.98379544598598,170.5442115254767,,0.5354346036911011,0.5232526063919067,0.9996904730796814,0.5241618752479553,0.6461243033409119,0.9392388463020325,0.5334191918373108,0.786450207233429,0.9428057670593262,0.5343866944313049,0.5325141549110413,0.9992355108261108,0.5263703465461731,0.6530782580375671,0.2851565182209015,0.5321433544158936,0.7834325432777405,0.4518190026283264
367,12.233333333333333,1,left,170.8588757301098,170.5442115254767,,0.5366672277450562,0.5235656499862671,0.999699056148529,0.5246208310127258,0.6462705135345459,0.9411440491676331,0.5332885384559631,0.7866134643554688,0.944308340549469,0.5351537466049194,0.5325922966003418,0.9992705583572388,0.5262038707733154,0.6533154249191284,0.29068729281425476,0.5321642756462097,0.78342604637146,0.46285536885261536
368,12.266666666666667,1,left,170.5442115254767,170.5442115254767,,0.5375986099243164,0.5238068103790283,0.9997154474258423,0.5247718691825867,0.6462527513504028,0.943953812122345,0.5332970023155212,0.786617636680603,0.9463703036308289,0.5358787775039673,0.5327574014663696,0.9993177056312561,0.5259936451911926,0.6533292531967163,0.29603466391563416,0.5320183038711548,0.7834194898605347,0.47676676511764526
369,12.3,1,left,169.06684324344522,169.06684324344522,,0.5405462980270386,0.5243807435035706,0.9997187256813049,0.5247557163238525,0.6454499959945679,0.9455196857452393,0.5333824753761292,0.7864057421684265,0.947464644908905,0.5358741283416748,0.5332149863243103,0.9993362426757812,0.525863766670227,0.652601957321167,0.30267471075057983,0.5320231914520264,0.7831186056137085,0.4881252944469452
370,12.333333333333334,1,left,168.33110597188644,168.33110597188644,,0.5415905117988586,0.5262380242347717,0.9997203946113586,0.5245884656906128,0.64576655626297,0.946661651134491,0.5333864092826843,0.7866533994674683,0.9484753608703613,0.5378443002700806,0.5334550738334656,0.9993457198143005,0.5263990759849548,0.6522966623306274,0.305845707654953,0.532727837562561,0.7831607460975647,0.49481865763664246
371,12.366666666666667,1,left,165.69647591722833,165.69647591722833,,0.545199990272522,0.5267372727394104,0.9997345209121704,0.5235409736633301,0.6457676291465759,0.9487470984458923,0.5333730578422546,0.7867019176483154,0.9504433870315552,0.538838267326355,0.534207284450531,0.9993802905082703,0.5256412625312805,0.6519772410392761,0.3181004524230957,0.5327686667442322,0.7831575274467468,0.5067128539085388
372,12.4,1,left,163.8681481765743,163.8681481765743,,0.5479753017425537,0.526985228061676,0.9997544884681702,0.5234754085540771,0.6456210017204285,0.9495583176612854,0.5345770716667175,0.787838339805603,0.9517908692359924,0.5402546525001526,0.5351127982139587,0.9994233250617981,0.5243878364562988,0.6519886255264282,0.33159905672073364,0.532894492149353,0.7835928797721863,0.5136957168579102
373,12.433333333333334,1,left,161.8935581506249,161.8935581506249,,0.5494333505630493,0.5281689167022705,0.9997718334197998,0.5221349000930786,0.6458963751792908,0.9493062496185303,0.5347214937210083,0.7882874608039856,0.9522443413734436,0.541964590549469,0.537609875202179,0.9994606375694275,0.5219072699546814,0.6523594260215759,0.33714982867240906,0.5328959226608276,0.784011721611023,0.5155333280563354
374,12.466666666666667,1,left,160.31812760499912,160.31812760499912,,0.5505362749099731,0.5284383893013,0.9997845888137817,0.520940899848938,0.6458741426467896,0.9497854113578796,0.534724235534668,0.7880542278289795,0.952914297580719,0.5427882671356201,0.5393165349960327,0.99949049949646,0.5197578072547913,0.6534475684165955,0.35226890444755554,0.5325134992599487,0.7840330600738525,0.522742509841919
375,12.5,1,left,156.7080563964015,156.7080563964015,,0.5527523756027222,0.5324501991271973,0.9997915625572205,0.5184581875801086,0.6462220549583435,0.9494132399559021,0.534622311592102,0.7877065539360046,0.952362060546875,0.5466676950454712,0.5433968901634216,0.9995081424713135,0.5178049206733704,0.6534550189971924,0.36002135276794434,0.5325223803520203,0.7841867208480835,0.5253681540489197
376,12.533333333333333,1,left,155.8463396494775,155.8463396494775,,0.5524657964706421,0.5321342945098877,0.9997994303703308,0.517149806022644,0.6458842754364014,0.9479783773422241,0.534324586391449,0.7876918911933899,0.9495067000389099,0.5484634041786194,0.5427775979042053,0.9995291829109192,0.5168842673301697,0.6516447067260742,0.3588051497936249,0.5324478149414062,0.7841797471046448,0.5179856419563293
377,12.566666666666666,1,left,152.4912464595218,152.86281876805626,,0.5543884038925171,0.5355251431465149,0.9997988939285278,0.5144395232200623,0.6464906930923462,0.9463852643966675,0.5336495637893677,0.7883979082107544,0.946511447429657,0.5522376894950867,0.5444155335426331,0.9995245337486267,0.5156006217002869,0.651391327381134,0.355277955532074,0.532416582107544,0.7844889163970947,0.5075400471687317
378,12.6,1,left,152.86281876805626,152.4912464595218,,0.5543017387390137,0.5365048050880432,0.9998024702072144,0.5146238803863525,0.6473411321640015,0.9467449188232422,0.5330678224563599,0.7885695099830627,0.9468324780464172,0.5521032214164734,0.5448580980300903,0.9995335936546326,0.5157216787338257,0.6511644124984741,0.3589949607849121,0.532012939453125,0.7847278714179993,0.5114730596542358
379,12.633333333333333,1,left,149.741697735472,149.741697735472,,0.5566417574882507,0.541571855545044,0.9998030066490173,0.5130524039268494,0.6487115621566772,0.9464946389198303,0.5330191850662231,0.7886630892753601,0.94683438539505,0.5542961359024048,0.5492366552352905,0.9995409250259399,0.5127019286155701,0.6512340307235718,0.3640661835670471,0.531448245048523,0.7846543788909912,0.514859676361084
380,12.666666666666666,1,left,148.76283356880356,148.76283356880356,,0.5570164918899536,0.5413128137588501,0.9998063445091248,0.5119491815567017,0.6493048071861267,0.945355236530304,0.5330021381378174,0.7887517809867859,0.9455779194831848,0.554702639579773,0.5491594672203064,0.9995512366294861,0.5119903683662415,0.6513652205467224,0.36784520745277405,0.5314188003540039,0.7852858901023865,0.5129525661468506
381,12.7,1,left,144.48579903845274,144.48579903845274,,0.5604095458984375,0.5474111437797546,0.9998095035552979,0.5100682377815247,0.64995276927948,0.9449964165687561,0.5329453349113464,0.788650631904602,0.9458898901939392,0.5577937364578247,0.5563650727272034,0.9995640516281128,0.5091086626052856,0.6520715355873108,0.3745461404323578,0.5310338735580444,0.7852705121040344,0.5135840773582458
382,12.733333333333333,1,left,143.29320007393676,143.29320007393676,,0.5606623888015747,0.5476549863815308,0.9998118877410889,0.5088251233100891,0.6499900221824646,0.9447506070137024,0.5328809022903442,0.7886441349983215,0.9458518624305725,0.5583704113960266,0.5570278763771057,0.9995774030685425,0.5087827444076538,0.6524667739868164,0.3758830428123474,0.531075119972229,0.7852893471717834,0.5049257278442383
383,12.766666666666667,1,left,139.522346886799,139.522346886799,,0.5622917413711548,0.5546376705169678,0.999820351600647,0.5071357488632202,0.6500769853591919,0.9447880983352661,0.532701313495636,0.7886465191841125,0.9478619694709778,0.5575295686721802,0.5649917125701904,0.9995987415313721,0.5055939555168152,0.6528958082199097,0.3846632242202759,0.5309203267097473,0.7854678630828857,0.5081917643547058
384,12.8,1,left,137.80676122202092,137.80676122202092,,0.5629210472106934,0.5585984587669373,0.9998286366462708,0.506489634513855,0.6500549912452698,0.9419925212860107,0.5321847796440125,0.7884588241577148,0.9476326704025269,0.5570557117462158,0.5685630440711975,0.9996194839477539,0.5041438341140747,0.6529029607772827,0.3858126401901245,0.5306532382965088,0.7839736342430115,0.49830031394958496
385,12.833333333333334,1,left,134.16395056312328,134.16395056312328,,0.5635196566581726,0.563382089138031,0.9998337030410767,0.5041612386703491,0.6500380039215088,0.9431586265563965,0.5320500135421753,0.7880363464355469,0.9494378566741943,0.557158350944519,0.5742248892784119,0.9996377825737,0.5016916990280151,0.6534033417701721,0.39221784472465515,0.5305113792419434,0.7832725644111633,0.5011616349220276
386,12.866666666666667,1,left,131.4050836190727,131.4050836190727,,0.5641337633132935,0.5654935836791992,0.9998356103897095,0.5016297698020935,0.6508185863494873,0.9451261162757874,0.5316578149795532,0.7877284288406372,0.9518606662750244,0.5580504536628723,0.5749221444129944,0.9996485710144043,0.5001828074455261,0.6534051299095154,0.3954509198665619,0.529763400554657,0.782433271408081,0.4977905750274658
387,12.9,1,left,126.77858395161562,126.77858395161562,,0.5654149651527405,0.5726500153541565,0.9998423457145691,0.4990953803062439,0.6523953080177307,0.9478242993354797,0.5314899682998657,0.7876085042953491,0.9552108645439148,0.5586800575256348,0.5824143290519714,0.9996662139892578,0.4979184567928314,0.653569757938385,0.4039808213710785,0.5288161039352417,0.7814292907714844,0.5028256773948669
388,12.933333333333334,1,left,126.11250913029724,126.11250913029724,,0.5656334161758423,0.5748016834259033,0.999847412109375,0.4988676607608795,0.6537685394287109,0.9491799473762512,0.5312975645065308,0.7870715260505676,0.9575763940811157,0.5583854913711548,0.5853960514068604,0.9996783137321472,0.4971351623535156,0.6542123556137085,0.40327000617980957,0.5280399322509766,0.7807447910308838,0.497672438621521
389,12.966666666666667,1,left,122.00141012934345,122.00141012934345,,0.5660042762756348,0.5816968679428101,0.9998535513877869,0.49660128355026245,0.6550504565238953,0.950965940952301,0.5309796333312988,0.7871844172477722,0.959953248500824,0.5584961175918579,0.5926531553268433,0.9996932148933411,0.49502190947532654,0.6555706858634949,0.4001810848712921,0.5277503132820129,0.7811788320541382,0.494280606508255
390,13.0,1,left,120.47489162290229,120.47489162290229,,0.5667463541030884,0.5860516428947449,0.9998558759689331,0.49629727005958557,0.6572162508964539,0.952632486820221,0.5306771993637085,0.787204921245575,0.9620429873466492,0.5585147738456726,0.5952854156494141,0.9997040033340454,0.49355369806289673,0.65848308801651,0.4039348065853119,0.5264836549758911,0.7811947464942932,0.4953535497188568
391,13.033333333333333,1,left,117.42193001822093,117.42193001822093,,0.5672947764396667,0.5905810594558716,0.9998611807823181,0.4948229193687439,0.657158613204956,0.9540840983390808,0.5300321578979492,0.7871917486190796,0.963935911655426,0.5584022998809814,0.6003720760345459,0.9997167587280273,0.4910714030265808,0.6604263782501221,0.40664660930633545,0.5229216814041138,0.7811924815177917,0.4948447346687317
392,13.066666666666666,1,left,115.32505644327924,115.32505644327924,,0.5676421523094177,0.5930419564247131,0.9998645782470703,0.493671715259552,0.6568273901939392,0.9557211995124817,0.5296422243118286,0.7870050668716431,0.9659929275512695,0.5583363175392151,0.6022526621818542,0.9997274875640869,0.48963838815689087,0.6603412628173828,0.41232460737228394,0.5232787132263184,0.7800222039222717,0.49970462918281555
393,13.1,1,left,110.50372099540137,110.50372099540137,,0.568405270576477,0.5998441576957703,0.999867856502533,0.49178892374038696,0.6567367911338806,0.9567528963088989,0.5293928384780884,0.7870820164680481,0.9675316214561462,0.5582417249679565,0.6098403334617615,0.9997367858886719,0.48684340715408325,0.6615809202194214,0.417161762714386,0.5207713842391968,0.7792249917984009,0.5006646513938904
394,13.133333333333333,1,left,108.8430874810666,108.8430874810666,,0.5682296752929688,0.6016821265220642,0.9998731017112732,0.49091172218322754,0.6565185785293579,0.9585773944854736,0.529593288898468,0.7870849370956421,0.9694886207580566,0.5581464767456055,0.6119887828826904,0.9997473359107971,0.48596125841140747,0.664740800857544,0.4298955500125885,0.521332859992981,0.7788794040679932,0.5075574517250061
395,13.166666666666666,1,left,103.38119860088405,103.38119860088405,,0.5680568814277649,0.6089714169502258,0.9998751878738403,0.4890879690647125,0.6553606390953064,0.9597615599632263,0.5294830203056335,0.7870729565620422,0.9707764387130737,0.5577212572097778,0.621436357498169,0.999752938747406,0.48353853821754456,0.666240394115448,0.4388021230697632,0.5213328003883362,0.7783926725387573,0.5142453908920288
396,13.2,1,left,101.07585517329244,101.07585517329244,,0.5682674050331116,0.6118152737617493,0.9998767971992493,0.4877017140388489,0.6555508375167847,0.961215078830719,0.5290042161941528,0.7871884107589722,0.9721823334693909,0.557170033454895,0.6224586367607117,0.9997571706771851,0.4828341007232666,0.6675750017166138,0.44725653529167175,0.5204777121543884,0.7784603238105774,0.5172979235649109
397,13.233333333333333,1,left,95.3266931066718,95.3266931066718,,0.5686326026916504,0.6203683018684387,0.9998762011528015,0.4862590730190277,0.6553346514701843,0.9622468948364258,0.5282927751541138,0.7872517704963684,0.9733086824417114,0.5568248629570007,0.6306120753288269,0.9997569918632507,0.4814983904361725,0.6675845980644226,0.4533612132072449,0.520774245262146,0.7784903049468994,0.520460844039917
398,13.266666666666667,1,left,94.31762697700283,94.31762697700283,,0.5689025521278381,0.6221937537193298,0.9998671412467957,0.4861277937889099,0.6557266712188721,0.9631849527359009,0.5283172130584717,0.787639319896698,0.9741062521934509,0.5568102598190308,0.6318199634552002,0.9997460842132568,0.48066839575767517,0.6682249903678894,0.4593071937561035,0.5209738612174988,0.7800426483154297,0.5204219818115234
399,13.3,1,left,88.92041579368497,88.92041579368497,,0.5691125988960266,0.6303158402442932,0.9998617172241211,0.4842594563961029,0.6571074724197388,0.9640520215034485,0.5283305048942566,0.7880420088768005,0.9751778841018677,0.556694507598877,0.6396018862724304,0.9997413754463196,0.47996678948402405,0.668914258480072,0.4646229147911072,0.5195774435997009,0.7799983620643616,0.5259612202644348
400,13.333333333333334,1,left,87.03850852035136,87.03850852035136,,0.5697895884513855,0.6314276456832886,0.9998531341552734,0.4848751127719879,0.6546297073364258,0.9648870825767517,0.5288522243499756,0.7880417108535767,0.9759060144424438,0.5553885698318481,0.642659068107605,0.9997281432151794,0.4781622290611267,0.6686594486236572,0.47869306802749634,0.5197943449020386,0.7800513505935669,0.5284193754196167
401,13.366666666666667,1,left,83.4862119142978,83.4862119142978,,0.5695445537567139,0.6368202567100525,0.9998456835746765,0.483737051486969,0.6555241346359253,0.9654152393341064,0.5289466381072998,0.7882468104362488,0.976410984992981,0.5548667311668396,0.6484391093254089,0.9997178912162781,0.4768846035003662,0.6710575819015503,0.48717278242111206,0.5199624300003052,0.7801156640052795,0.5308549404144287
402,13.4,1,left,81.48184484879472,81.48184484879472,,0.5695284605026245,0.6392615437507629,0.9998312592506409,0.48432642221450806,0.6542496085166931,0.9661731123924255,0.5289525985717773,0.7876611351966858,0.9770421385765076,0.5546302199363708,0.6524021029472351,0.9996960759162903,0.47717204689979553,0.6707003116607666,0.4997101128101349,0.5196680426597595,0.7801125049591064,0.5383999943733215
403,13.433333333333334,1,left,76.36462761041328,76.36462761041328,,0.5695480704307556,0.6478828191757202,0.9998266100883484,0.4841020703315735,0.6555291414260864,0.9658507108688354,0.5289567112922668,0.7876743078231812,0.9769599437713623,0.5542125105857849,0.6591098308563232,0.9996890425682068,0.47693997621536255,0.6705991625785828,0.5006750226020813,0.5195798873901367,0.7802082896232605,0.5381391048431396
404,13.466666666666667,1,left,75.34860059196828,75.34860059196828,,0.5693588256835938,0.6492643356323242,0.9998294711112976,0.48419085144996643,0.6552752256393433,0.9663885235786438,0.5288985967636108,0.7874462008476257,0.9775018692016602,0.5516923666000366,0.6621021032333374,0.9996917247772217,0.4766576290130615,0.6710426211357117,0.5126502513885498,0.5196673274040222,0.7802267670631409,0.548523485660553
405,13.5,1,left,69.55043930128002,69.55043930128002,,0.569166362285614,0.6577908992767334,0.9998071789741516,0.4840800166130066,0.6555465459823608,0.9655593037605286,0.5293392539024353,0.7874479293823242,0.9772548079490662,0.5518583655357361,0.6696847081184387,0.9996417164802551,0.47703346610069275,0.670994758605957,0.5063045024871826,0.5212727785110474,0.7797831296920776,0.5458438992500305
406,13.533333333333333,1,left,69.11481569786118,69.11481569786118,,0.5691890716552734,0.658326268196106,0.9997890591621399,0.48409169912338257,0.6555957198143005,0.9656957387924194,0.5294507741928101,0.7869752645492554,0.9774788022041321,0.5519539713859558,0.670576810836792,0.9996062517166138,0.4770597815513611,0.6712226271629333,0.5066297054290771,0.5213526487350464,0.7790672183036804,0.5515778660774231
407,13.566666666666666,1,left,65.29805964084166,65.3622525173933,,0.569107174873352,0.6639611124992371,0.9997660517692566,0.48411351442337036,0.6555977463722229,0.9649558663368225,0.5295578241348267,0.786965548992157,0.9774344563484192,0.5517576336860657,0.6761445999145508,0.9995492696762085,0.47640538215637207,0.6711311936378479,0.5005446672439575,0.5220110416412354,0.7790079712867737,0.5503689646720886
408,13.6,1,left,65.3622525173933,65.29805964084166,,0.5690919160842896,0.6643368601799011,0.9997385144233704,0.48418712615966797,0.6561470031738281,0.9635579586029053,0.5295596718788147,0.7869676947593689,0.9769724011421204,0.551784336566925,0.6772338151931763,0.9994927048683167,0.47655192017555237,0.6716378331184387,0.4955909550189972,0.5225985050201416,0.7793351411819458,0.55047607421875
409,13.633333333333333,1,left,62.12264947536414,62.12264947536414,,0.569080114364624,0.6684524416923523,0.9997035264968872,0.48425930738449097,0.6552223563194275,0.9626957178115845,0.5295097827911377,0.7865501642227173,0.9767961502075195,0.5527783632278442,0.681692898273468,0.9994105100631714,0.47666969895362854,0.671565055847168,0.4855383038520813,0.5229961276054382,0.7793388962745667,0.5459262728691101
410,13.666666666666666,1,left,61.34868763080786,61.34868763080786,,0.5691250562667847,0.6698418855667114,0.9996700882911682,0.48419713973999023,0.6554527878761292,0.962145209312439,0.5291792154312134,0.7858301997184753,0.9767863154411316,0.5528659224510193,0.681587278842926,0.9993442893028259,0.4761776924133301,0.6718334555625916,0.48334428668022156,0.5228424072265625,0.7782476544380188,0.54865962266922
411,13.7,1,left,58.19294216363379,58.19294216363379,,0.5688502192497253,0.6749932169914246,0.9996519088745117,0.48368754982948303,0.6559053659439087,0.9611064195632935,0.5286728143692017,0.7852751016616821,0.9766453504562378,0.5536781549453735,0.6848605871200562,0.9992823600769043,0.4762715697288513,0.671805202960968,0.4730934798717499,0.5226605534553528,0.777025580406189,0.5456470847129822
412,13.733333333333333,1,left,56.86677965178806,56.86677965178806,,0.5688278675079346,0.6776962876319885,0.9996063113212585,0.4836326241493225,0.6566132307052612,0.9607368111610413,0.528434157371521,0.785023033618927,0.9764158725738525,0.5546518564224243,0.6871324777603149,0.9991708397865295,0.47633862495422363,0.6718736886978149,0.4698273837566376,0.5226125121116638,0.7770096063613892,0.5465843677520752
413,13.766666666666667,1,left,55.07526148588403,55.07526148588403,,0.5689530968666077,0.6810722351074219,0.9995757937431335,0.4834343492984772,0.6574568152427673,0.9602195024490356,0.5282571315765381,0.7841194868087769,0.975353479385376,0.5552037358283997,0.6913531422615051,0.9991032481193542,0.47637638449668884,0.6720596551895142,0.4670703113079071,0.5223127603530884,0.7753089666366577,0.5474071502685547
414,13.8,1,left,53.69632748831222,53.69632748831222,,0.5693377256393433,0.6837252974510193,0.9995596408843994,0.48345947265625,0.657745897769928,0.9593867659568787,0.5281232595443726,0.7840662002563477,0.9745680093765259,0.5557146072387695,0.6930685043334961,0.9990674257278442,0.47639718651771545,0.6720482707023621,0.4627826511859894,0.5210814476013184,0.7714592814445496,0.5445873141288757
415,13.833333333333334,1,left,51.20840526866547,51.20840526866547,,0.5695352554321289,0.68801349401474,0.9995529055595398,0.4835689663887024,0.6578456163406372,0.9584177732467651,0.5278743505477905,0.7832783460617065,0.9732300639152527,0.5558426380157471,0.6968390941619873,0.9990468621253967,0.47642040252685547,0.6717450618743896,0.45649272203445435,0.5206965804100037,0.7705892324447632,0.5411646962165833
416,13.866666666666667,1,left,49.201080805594955,49.201080805594955,,0.5697886943817139,0.6917160749435425,0.9995105266571045,0.483460009098053,0.65811687707901,0.9563438892364502,0.527863621711731,0.7832804322242737,0.9711655974388123,0.5574626326560974,0.6986836194992065,0.9989864826202393,0.47663313150405884,0.6703656911849976,0.44640886783599854,0.521287739276886,0.7707045674324036,0.5333952903747559
417,13.9,1,left,46.2000191508274,46.295306929160844,,0.5697873830795288,0.6968695521354675,0.999468982219696,0.48341289162635803,0.6577664017677307,0.9542359113693237,0.52741539478302,0.7824200391769409,0.9694687724113464,0.5587931275367737,0.7037599682807922,0.9989381432533264,0.4771982729434967,0.6696363091468811,0.4295231103897095,0.5214614868164062,0.7702523469924927,0.5208927989006042
418,13.933333333333334,1,left,46.295306929160844,46.2000191508274,,0.57033771276474,0.6970662474632263,0.9994299411773682,0.4835938811302185,0.6577998399734497,0.9518191814422607,0.5276138186454773,0.7831515669822693,0.966982901096344,0.5596405267715454,0.7044885158538818,0.998876690864563,0.47767701745033264,0.6696308255195618,0.42004454135894775,0.5225370526313782,0.7712868452072144,0.5074641108512878
419,13.966666666666667,1,left,44.16869822252172,44.30834681725894,,0.5703672170639038,0.701002299785614,0.9993924498558044,0.48360544443130493,0.6577757000923157,0.9504449963569641,0.5275675058364868,0.7829765677452087,0.9658408761024475,0.5610047578811646,0.7085320353507996,0.998820960521698,0.4783567488193512,0.6696840524673462,0.4034350514411926,0.523182213306427,0.7721538543701172,0.4941549301147461
420,14.0,1,left,44.30834681725894,44.16869822252172,,0.5703912973403931,0.7006738781929016,0.9993897676467896,0.483375608921051,0.6576944589614868,0.9491503834724426,0.5276666879653931,0.7834263443946838,0.9642478823661804,0.5613258481025696,0.707706093788147,0.9988169074058533,0.47870078682899475,0.6701284646987915,0.3913547098636627,0.5236302614212036,0.7726175785064697,0.4781534969806671
421,14.033333333333333,1,left,41.999991062930164,42.50936971649087,,0.5704500675201416,0.7050072550773621,0.9993432760238647,0.4833829998970032,0.6575044989585876,0.9479684233665466,0.5276767611503601,0.7833980917930603,0.9629155993461609,0.5619310140609741,0.7105226516723633,0.9987486600875854,0.4790550172328949,0.6698306798934937,0.37614521384239197,0.5236769914627075,0.772659420967102,0.4656967222690582
422,14.066666666666666,1,left,42.50936971649087,41.999991062930164,,0.5707444548606873,0.7044832706451416,0.999299168586731,0.4836387634277344,0.6576191186904907,0.9457531571388245,0.5277825593948364,0.7843136191368103,0.960970401763916,0.5621874928474426,0.7102231979370117,0.9986813068389893,0.4792841076850891,0.6698010563850403,0.3662070333957672,0.5239340662956238,0.7735030055046082,0.4532736837863922
423,14.1,1,left,40.99598120914133,41.39794030098332,,0.5707655549049377,0.7075827717781067,0.9992527961730957,0.4839755892753601,0.6576164364814758,0.944622814655304,0.5277876257896423,0.7843217253684998,0.9584238529205322,0.5620556473731995,0.7115866541862488,0.9986222386360168,0.4795852601528168,0.6698582172393799,0.3556042015552521,0.5235180854797363,0.7734994888305664,0.44323888421058655
424,14.133333333333333,1,left,41.39794030098332,40.99598120914133,,0.5712107419967651,0.7074987292289734,0.9992027282714844,0.4839717745780945,0.6579446792602539,0.9428828358650208,0.5278624296188354,0.7853810787200928,0.9562882781028748,0.5624417066574097,0.7121750116348267,0.9985500574111938,0.47987666726112366,0.6695072054862976,0.34841009974479675,0.5238162279129028,0.7745177745819092,0.43374863266944885
425,14.166666666666666,1,left,39.99898394599422,39.99898394599422,,0.5712337493896484,0.7100325226783752,0.9991377592086792,0.4843059480190277,0.6574648022651672,0.9411068558692932,0.5278170704841614,0.7849971652030945,0.9540018439292908,0.5624848008155823,0.7140568494796753,0.9984437227249146,0.4801248013973236,0.6695210933685303,0.33718931674957275,0.5239733457565308,0.7747704386711121,0.42054134607315063
426,14.2,1,left,39.88276827447179,39.88276827447179,,0.5713350176811218,0.7107299566268921,0.9990614652633667,0.48451003432273865,0.6578551530838013,0.9403992891311646,0.5278123021125793,0.7852252721786499,0.9531162977218628,0.5625656843185425,0.7146833539009094,0.9983372688293457,0.48044854402542114,0.6690057516098022,0.3338445723056793,0.5241153836250305,0.7756491899490356,0.41905835270881653
427,14.233333333333333,1,left,39.005542740397644,39.005542740397644,,0.5714108943939209,0.712479293346405,0.9990108013153076,0.4845983386039734,0.6576153635978699,0.9387809634208679,0.5278087258338928,0.785257875919342,0.9516355991363525,0.5626357197761536,0.716349720954895,0.9982494711875916,0.48049402236938477,0.6688368320465088,0.32506656646728516,0.5241662263870239,0.7757739424705505,0.4102030396461487
428,14.266666666666667,1,left,38.88130813222406,38.88130813222406,,0.5714090466499329,0.7127881646156311,0.9989904165267944,0.48479288816452026,0.6573278307914734,0.9380846619606018,0.5278013944625854,0.7859618067741394,0.9517292380332947,0.5626338124275208,0.7165719866752625,0.998202383518219,0.481332391500473,0.6677207350730896,0.31669941544532776,0.5241649746894836,0.7757426500320435,0.4039584696292877
429,14.3,1,left,38.49212236247863,38.49212236247863,,0.5717462301254272,0.7138177752494812,0.9989885091781616,0.48479923605918884,0.6572834849357605,0.936797022819519,0.5277997255325317,0.7859825491905212,0.949863076210022,0.5628124475479126,0.7174617052078247,0.9981985688209534,0.4817567765712738,0.6672936677932739,0.3087957203388214,0.5241872668266296,0.7753924131393433,0.39556318521499634
430,14.333333333333334,1,left,38.36195923852804,38.36195923852804,,0.5717283487319946,0.714113175868988,0.9989598989486694,0.4848012924194336,0.6572702527046204,0.9357080459594727,0.5278028845787048,0.7861115336418152,0.9488547444343567,0.5628055334091187,0.7180375456809998,0.9981551766395569,0.48219355940818787,0.6671690344810486,0.30201444029808044,0.5243061780929565,0.7753833532333374,0.3884425759315491
431,14.366666666666667,1,left,38.131198809423275,38.131198809423275,,0.571725070476532,0.7147267460823059,0.9989429116249084,0.4848201274871826,0.6572580933570862,0.9353119134902954,0.5277343988418579,0.7863168120384216,0.9485384821891785,0.5629040598869324,0.7191486954689026,0.9981323480606079,0.4823482036590576,0.6671701669692993,0.296446830034256,0.5242837071418762,0.775484025478363,0.38577035069465637
432,14.4,1,left,38.12793598280671,38.12793598280671,,0.5715254545211792,0.7146158218383789,0.9989039897918701,0.4848356246948242,0.657132089138031,0.93401700258255,0.5276471376419067,0.7864016890525818,0.9483262896537781,0.5630422830581665,0.7197570204734802,0.9980595111846924,0.48221006989479065,0.6688178777694702,0.28886279463768005,0.5242756605148315,0.7755000591278076,0.37850654125213623
433,14.433333333333334,1,left,38.054741683262456,38.054741683262456,,0.5715442895889282,0.7148792147636414,0.9988973140716553,0.4850303530693054,0.6570770740509033,0.9338023662567139,0.5276339650154114,0.7866767048835754,0.9480466842651367,0.5630373358726501,0.7198324203491211,0.9980461001396179,0.4823141098022461,0.6689514517784119,0.2846466898918152,0.5242635011672974,0.7754958271980286,0.37604883313179016
434,14.466666666666667,1,left,38.0204675082148,38.0204675082148,,0.5715489387512207,0.7150096893310547,0.998871386051178,0.4850292205810547,0.6570811867713928,0.9338057637214661,0.527612566947937,0.7867853045463562,0.9476620554924011,0.5629774332046509,0.7197231650352478,0.9980173110961914,0.4823846220970154,0.6686006784439087,0.2821612060070038,0.5242430567741394,0.7754504680633545,0.3764685094356537
435,14.5,1,left,38.00001516354417,38.0204675082148,,0.5716506242752075,0.7152408361434937,0.9987917542457581,0.4850270748138428,0.6572304368019104,0.9339828491210938,0.527599573135376,0.7867885828018188,0.9476919770240784,0.5629686117172241,0.7195256352424622,0.9979057312011719,0.48243436217308044,0.6681919097900391,0.2799913287162781,0.5240996479988098,0.7754495739936829,0.37839019298553467
436,14.533333333333333,1,left,37.95180688805415,38.0204675082148,,0.5716196894645691,0.7153735756874084,0.9987148642539978,0.485023558139801,0.6573260426521301,0.9343255162239075,0.5275982618331909,0.7867167592048645,0.9469815492630005,0.5628755688667297,0.7194181084632874,0.9978252053260803,0.4825438857078552,0.6679242849349976,0.2815875709056854,0.5241549015045166,0.7753764986991882,0.38278084993362427
437,14.566666666666666,1,left,38.201026003460136,38.14736260648522,,0.5721352100372314,0.715327799320221,0.9987085461616516,0.4852762222290039,0.6574597954750061,0.9349926710128784,0.52759850025177,0.7867442965507507,0.9469696879386902,0.5624856948852539,0.7182543873786926,0.9978145360946655,0.4825977385044098,0.6677231192588806,0.2869250178337097,0.5241560339927673,0.7753708958625793,0.39155831933021545
438,14.6,1,left,38.14736260648522,38.201026003460136,,0.5721316337585449,0.7152065634727478,0.9986804127693176,0.4852856993675232,0.6573403477668762,0.9353818893432617,0.5276018977165222,0.7862219214439392,0.9468702673912048,0.5624758005142212,0.7182174324989319,0.9977849721908569,0.48258382081985474,0.6714619398117065,0.2866115868091583,0.5242758989334106,0.7759792804718018,0.39518553018569946
439,14.633333333333333,1,left,38.34155100987785,38.244502284180534,,0.5725687742233276,0.7151260375976562,0.9986888766288757,0.48546743392944336,0.6573889851570129,0.9367436766624451,0.5276097655296326,0.7861777544021606,0.9472064971923828,0.562471330165863,0.7177451252937317,0.9978011846542358,0.482573926448822,0.6712853312492371,0.29305198788642883,0.5241811871528625,0.7756872177124023,0.40577518939971924
440,14.666666666666666,1,left,38.244502284180534,38.34155100987785,,0.5725078582763672,0.715042769908905,0.9986668229103088,0.4854694902896881,0.6572677493095398,0.9373480677604675,0.5276035070419312,0.7855717539787292,0.9468095898628235,0.5624332427978516,0.7177359461784363,0.9977786540985107,0.4822208285331726,0.6752248406410217,0.2952254116535187,0.524211049079895,0.7758241891860962,0.4107097387313843
441,14.7,1,left,38.6213484223732,38.54852367456151,,0.5725762248039246,0.7143177390098572,0.9986585378646851,0.4856221675872803,0.6572924852371216,0.93785560131073,0.5276042222976685,0.7855742573738098,0.946618378162384,0.5623804330825806,0.7171732187271118,0.9977705478668213,0.4822770059108734,0.6738269925117493,0.29963400959968567,0.5241038799285889,0.7753384113311768,0.4170988202095032
442,14.733333333333333,1,left,38.54852367456151,38.6213484223732,,0.5725571513175964,0.714285671710968,0.998592734336853,0.48562273383140564,0.6571218371391296,0.9377874732017517,0.5276433229446411,0.7854980230331421,0.9468536972999573,0.5623926520347595,0.7170979380607605,0.9976793527603149,0.4823189675807953,0.6731485724449158,0.29551658034324646,0.5242384672164917,0.7756966352462769,0.4171419143676758
443,14.766666666666667,1,left,39.07636832008768,39.07636832008768,,0.5726082921028137,0.7131257653236389,0.9985148310661316,0.4856019616127014,0.6571014523506165,0.9379023909568787,0.5276765823364258,0.7854819893836975,0.9466697573661804,0.5624896287918091,0.7165747880935669,0.9975766539573669,0.4823189675807953,0.6724212765693665,0.2965956926345825,0.5243147611618042,0.7765003442764282,0.4181971848011017
444,14.8,1,left,39.38895164810836,39.38895164810836,,0.5726037621498108,0.7121676802635193,0.9984561204910278,0.4855598509311676,0.6568227410316467,0.937298059463501,0.5276769399642944,0.7852116823196411,0.9466068148612976,0.5626106858253479,0.7164051532745361,0.9975041151046753,0.48202744126319885,0.6737565398216248,0.29362866282463074,0.5243686437606812,0.7769597172737122,0.4159604012966156
445,14.833333333333334,1,left,40.12606694215194,40.12606694215194,,0.5726224780082703,0.7104722857475281,0.9984114766120911,0.4854145050048828,0.6567376852035522,0.9363372921943665,0.5276501178741455,0.7849418520927429,0.9452853202819824,0.562786340713501,0.7158210277557373,0.997467041015625,0.4820277690887451,0.6734439134597778,0.2950880527496338,0.5243940353393555,0.7772120833396912,0.41447892785072327
446,14.866666666666667,1,left,40.49910252497529,40.49910252497529,,0.5726283192634583,0.7100449204444885,0.9983538389205933,0.48542851209640503,0.6565931439399719,0.9356220960617065,0.5269535779953003,0.7844441533088684,0.944257915019989,0.5629851818084717,0.7153445482254028,0.9974168539047241,0.48209428787231445,0.672623336315155,0.29141923785209656,0.5240738391876221,0.7772055268287659,0.41002750396728516
447,14.9,1,left,41.41658751573761,41.41658751573761,,0.5727183222770691,0.7080941796302795,0.998317301273346,0.4852639138698578,0.6566174030303955,0.9346140623092651,0.5269501209259033,0.7841429114341736,0.9426628351211548,0.5639411211013794,0.7139106392860413,0.9973847270011902,0.48214226961135864,0.6723616123199463,0.28771066665649414,0.5238890051841736,0.7772462368011475,0.4045757055282593
448,14.933333333333334,1,left,41.76632825655914,41.76632825655914,,0.5727394223213196,0.707650363445282,0.9982957243919373,0.4854792654514313,0.6565306186676025,0.9333432912826538,0.5265783667564392,0.7839998006820679,0.9430370926856995,0.5643665194511414,0.7131440043449402,0.9973642230033875,0.48219937086105347,0.6709218621253967,0.2805074453353882,0.5238821506500244,0.7772191762924194,0.39702901244163513
449,14.966666666666667,1,left,43.60213772402603,43.49342901629532,,0.5727013945579529,0.7042343020439148,0.9982831478118896,0.48548832535743713,0.6565770506858826,0.9320297241210938,0.5261982679367065,0.7838035821914673,0.9416935443878174,0.5653178691864014,0.7105523347854614,0.9973621964454651,0.4823473393917084,0.670586347579956,0.2757590413093567,0.5238423943519592,0.7772096395492554,0.3902387320995331
450,15.0,1,left,43.49342901629532,43.60213772402603,,0.572697103023529,0.7044989466667175,0.9982821941375732,0.48549413681030273,0.6565861105918884,0.9308468103408813,0.5258529782295227,0.7828918099403381,0.9419803619384766,0.5655097365379333,0.7100188136100769,0.9973354935646057,0.48236188292503357,0.6700206995010376,0.26825594902038574,0.5236818194389343,0.7764869332313538,0.38198354840278625
451,15.033333333333333,1,left,45.74029409232276,45.74029409232276,,0.5726932287216187,0.7003963589668274,0.998308002948761,0.48537054657936096,0.6567615270614624,0.9298268556594849,0.5256054401397705,0.7827690243721008,0.9406877160072327,0.5656620860099792,0.7070600390434265,0.9973741769790649,0.4824090003967285,0.6699140071868896,0.26391148567199707,0.5236390829086304,0.7764871120452881,0.37535911798477173
452,15.066666666666666,1,left,46.00711219105352,46.00711219105352,,0.5726894736289978,0.7002074122428894,0.9983062744140625,0.4853813052177429,0.6571534872055054,0.927608072757721,0.5256122946739197,0.782882034778595,0.9391562938690186,0.5659815073013306,0.7062154412269592,0.9973649978637695,0.4824088513851166,0.6691309809684753,0.2569195032119751,0.5235787630081177,0.775884211063385,0.3670298159122467
453,15.1,1,left,48.96699373577465,48.96699373577465,,0.5726882815361023,0.6952629685401917,0.998335599899292,0.4849322438240051,0.6580941081047058,0.9254097938537598,0.5257126092910767,0.7830239534378052,0.938285768032074,0.5673137903213501,0.6999308466911316,0.9973710775375366,0.4824301600456238,0.6691468954086304,0.25356343388557434,0.5237245559692383,0.7754066586494446,0.3600854277610779
454,15.133333333333333,1,left,50.22616218105624,50.22616218105624,,0.5727071762084961,0.6935163736343384,0.9984357953071594,0.48496174812316895,0.658649206161499,0.9268212914466858,0.5256218314170837,0.7830299139022827,0.9392345547676086,0.5667301416397095,0.6994748711585999,0.9974927306175232,0.48185449838638306,0.6692005395889282,0.2571529448032379,0.5214453935623169,0.774461567401886,0.3622608184814453
455,15.166666666666666,1,left,53.87219610479148,53.87219610479148,,0.5727154016494751,0.6869271397590637,0.9984964728355408,0.48462072014808655,0.6585938334465027,0.9270607829093933,0.5255281329154968,0.7822951078414917,0.9398472905158997,0.5668386220932007,0.6946481466293335,0.9975519180297852,0.48123177886009216,0.669262707233429,0.2594914436340332,0.5214773416519165,0.774535059928894,0.36186420917510986
456,15.2,1,left,54.96639815263192,54.96639815263192,,0.5730422139167786,0.685189425945282,0.9985866546630859,0.48433417081832886,0.6587761044502258,0.9290647506713867,0.5255359411239624,0.782256007194519,0.9414752125740051,0.5665853023529053,0.6942164897918701,0.9976637959480286,0.4803747534751892,0.669070303440094,0.2654988765716553,0.5207096338272095,0.7740339636802673,0.36948564648628235
457,15.233333333333333,1,left,59.027882363404444,59.027882363404444,,0.5733715891838074,0.6775354743003845,0.9986540079116821,0.4844326078891754,0.6575683951377869,0.9286982417106628,0.5257717967033386,0.7824288606643677,0.9431235790252686,0.5643748641014099,0.689933180809021,0.9977216124534607,0.4788552224636078,0.6696291565895081,0.2795092463493347,0.5203686356544495,0.7740517258644104,0.3771407902240753
458,15.266666666666667,1,left,60.23295248332918,60.23295248332918,,0.5738743543624878,0.6758311986923218,0.9986920356750488,0.48446446657180786,0.6575172543525696,0.930121660232544,0.5259220600128174,0.7836765646934509,0.9457587003707886,0.5640825033187866,0.6872203946113586,0.9977152347564697,0.47875842452049255,0.6687881350517273,0.29125353693962097,0.5193015933036804,0.7739941477775574,0.38899484276771545
459,15.3,1,left,64.91466838156623,64.91466838156623,,0.5741426944732666,0.6686205267906189,0.9987143278121948,0.484208345413208,0.657971978187561,0.9305598139762878,0.5260487794876099,0.784243643283844,0.9475284814834595,0.5619802474975586,0.6792669296264648,0.9976783394813538,0.4779970049858093,0.6688054203987122,0.3059350550174713,0.51938796043396,0.7742060422897339,0.39651811122894287
460,15.333333333333334,1,left,66.2245787076411,66.2245787076411,,0.5738548040390015,0.6662321090698242,0.9988049268722534,0.4835386276245117,0.6581289768218994,0.9328833818435669,0.5266358852386475,0.7858315110206604,0.9499517679214478,0.5617899894714355,0.6763952970504761,0.9978035092353821,0.4780786633491516,0.6683530211448669,0.3145236372947693,0.5192589163780212,0.7716028094291687,0.3998710811138153
461,15.366666666666667,1,left,70.76219446261308,70.76219446261308,,0.5738102197647095,0.6587508320808411,0.9988459944725037,0.4825168251991272,0.658363938331604,0.935815691947937,0.5266420841217041,0.7865493893623352,0.9528049826622009,0.5604949593544006,0.6673907041549683,0.9978518486022949,0.4776582717895508,0.6678640842437744,0.3335060179233551,0.51930832862854,0.7723405361175537,0.4165298640727997
462,15.4,1,left,72.49095102438868,72.49095102438868,,0.5731065273284912,0.6576520800590515,0.9989367127418518,0.48181113600730896,0.6610234975814819,0.9380985498428345,0.5269597172737122,0.7876479625701904,0.9546358585357666,0.5598170161247253,0.6668835282325745,0.9980069994926453,0.47771430015563965,0.6667307615280151,0.34382009506225586,0.5191122889518738,0.7736290693283081,0.4192175269126892
463,15.433333333333334,1,left,77.8083595356696,77.8083595356696,,0.5721639394760132,0.6486260890960693,0.9989681839942932,0.4811876714229584,0.6609541177749634,0.9410880208015442,0.5269670486450195,0.7873584032058716,0.9572572112083435,0.5597023963928223,0.6575732827186584,0.9980677962303162,0.47774162888526917,0.6667455434799194,0.359073668718338,0.519157886505127,0.7745948433876038,0.4361629784107208
464,15.466666666666667,1,left,78.58162707628281,78.58162707628281,,0.5714426636695862,0.647173285484314,0.9990493059158325,0.48098430037498474,0.6609967350959778,0.9435843825340271,0.5272951126098633,0.7875001430511475,0.9596437215805054,0.5593434572219849,0.6562926769256592,0.9982144832611084,0.47784915566444397,0.6667245626449585,0.37022408843040466,0.5194758772850037,0.7752209901809692,0.4447453022003174
465,15.5,1,left,84.75994982643658,84.75994982643658,,0.5711506009101868,0.6366874575614929,0.9991204738616943,0.4812021255493164,0.6606817245483398,0.9462114572525024,0.5277919769287109,0.7874715328216553,0.9618896842002869,0.5581823587417603,0.6494548916816711,0.9983444809913635,0.4779377579689026,0.6664979457855225,0.38848045468330383,0.5203239321708679,0.7761806845664978,0.45324715971946716
466,15.533333333333333,1,left,85.27353730361449,85.27353730361449,,0.5711432099342346,0.6355531215667725,0.9991947412490845,0.4812464714050293,0.660568356513977,0.9491841197013855,0.5281562805175781,0.7875416874885559,0.9642876386642456,0.5583305358886719,0.6464556455612183,0.9984816312789917,0.47780841588974,0.6667507290840149,0.4021245241165161,0.5205799341201782,0.7765722274780273,0.4604337215423584
467,15.566666666666666,1,left,92.36747258781263,92.36747258781263,,0.5710434317588806,0.6242687702178955,0.9992569088935852,0.4823426604270935,0.6605104804039001,0.9514126777648926,0.5282691717147827,0.787681519985199,0.9659650325775146,0.5584049224853516,0.6379596590995789,0.9985995292663574,0.47956234216690063,0.6677234172821045,0.4232082962989807,0.5211895704269409,0.7785333395004272,0.467650443315506
468,15.6,1,left,93.01835773493549,93.01835773493549,,0.5705206394195557,0.6232284307479858,0.9993177056312561,0.48234638571739197,0.6604679226875305,0.9540681838989258,0.5283621549606323,0.7877383828163147,0.9679173231124878,0.5581591129302979,0.6371457576751709,0.9987154006958008,0.4799613952636719,0.6689854860305786,0.43631526827812195,0.5216512680053711,0.7795404195785522,0.47642141580581665
469,15.633333333333333,1,left,99.78817875423894,99.78817875423894,,0.5700444579124451,0.6121404767036438,0.9993707537651062,0.48320335149765015,0.6611245274543762,0.9561321139335632,0.5283753275871277,0.7877188324928284,0.9695022106170654,0.557981014251709,0.6259440779685974,0.9988157749176025,0.4802699685096741,0.6690676808357239,0.4502730667591095,0.5216529965400696,0.7799004316329956,0.48453834652900696
470,15.666666666666666,1,left,100.54270652737551,100.54270652737551,,0.5683919787406921,0.6116445660591125,0.9994234442710876,0.48320358991622925,0.6611045598983765,0.9582632184028625,0.5282672643661499,0.7876821756362915,0.9710552096366882,0.5571399927139282,0.6242071390151978,0.9989147782325745,0.4803118109703064,0.668420672416687,0.4611051380634308,0.5216656923294067,0.7798327207565308,0.49205416440963745
471,15.7,1,left,106.03101592380874,106.03101592380874,,0.5662642121315002,0.6025354266166687,0.9994718432426453,0.48397135734558105,0.6610881090164185,0.9596413373947144,0.5286778807640076,0.7880289554595947,0.9724871516227722,0.5561488270759583,0.6123641133308411,0.9990008473396301,0.4803520739078522,0.6674441695213318,0.4654955267906189,0.5214704275131226,0.7790194749832153,0.4948135018348694
472,15.733333333333333,1,left,106.10192966642958,106.10192966642958,,0.565204381942749,0.6025840640068054,0.999512791633606,0.4840313792228699,0.6608244776725769,0.9604967832565308,0.5292471647262573,0.7881077527999878,0.9732756614685059,0.5554717183113098,0.6106115579605103,0.9990769028663635,0.48038578033447266,0.6655823588371277,0.4654974043369293,0.5205726027488708,0.7760502099990845,0.4911503195762634
473,15.766666666666667,1,left,110.39806734576197,110.39806734576197,,0.5643629431724548,0.5944775938987732,0.9995538592338562,0.48453837633132935,0.6607980728149414,0.9625142812728882,0.5292418599128723,0.7882893681526184,0.9748324155807495,0.5546636581420898,0.6015242338180542,0.9991528987884521,0.48054927587509155,0.6640347838401794,0.4739745855331421,0.5195184350013733,0.7751631140708923,0.500052273273468
474,15.8,1,left,111.76906215946158,111.76906215946158,,0.5633403062820435,0.5919972062110901,0.9995861649513245,0.48468732833862305,0.6603955626487732,0.9633557200431824,0.5292346477508545,0.7880176305770874,0.9755640625953674,0.5541446805000305,0.6001098155975342,0.9992133975028992,0.4807871878147125,0.6631460785865784,0.46979793906211853,0.5197283029556274,0.7752004265785217,0.4960189759731293
475,15.833333333333334,1,left,117.32781798533223,117.32781798533223,,0.5612889528274536,0.5816816687583923,0.9996088147163391,0.4858993589878082,0.659796953201294,0.9637919068336487,0.5292300581932068,0.7878897190093994,0.9757430553436279,0.5524111390113831,0.5887463092803955,0.9992516040802002,0.48276400566101074,0.6602231860160828,0.46636679768562317,0.5207802653312683,0.7752199769020081,0.4935220181941986
476,15.866666666666667,1,left,119.37525000558932,119.37525000558932,,0.5605024695396423,0.5786173343658447,0.9996283054351807,0.4869990348815918,0.6588621139526367,0.9635263085365295,0.5289230942726135,0.7868613004684448,0.9753248691558838,0.5522379875183105,0.5884196162223816,0.9992877840995789,0.4847138524055481,0.6596860885620117,0.4622531235218048,0.5228171348571777,0.7772980332374573,0.4906471371650696
477,15.9,1,left,124.4046764659541,124.4046764659541,,0.5580963492393494,0.569424033164978,0.9996442198753357,0.4883860945701599,0.6582509875297546,0.9633891582489014,0.5287811160087585,0.7865944504737854,0.9750996828079224,0.5498794913291931,0.5779092907905579,0.9993129372596741,0.4866693615913391,0.6585873961448669,0.4605695605278015,0.5241516828536987,0.7778279185295105,0.49153056740760803
478,15.933333333333334,1,left,126.28090434542342,126.28090434542342,,0.5574617385864258,0.5681345462799072,0.9996601343154907,0.4904397428035736,0.65669184923172,0.9636845588684082,0.5292273163795471,0.7868029475212097,0.9747120141983032,0.5472167134284973,0.578571081161499,0.9993404150009155,0.4876989424228668,0.6588221788406372,0.4591590166091919,0.5248134136199951,0.7821794152259827,0.4931231439113617
479,15.966666666666667,1,left,131.76873732248308,131.76873732248308,,0.554694652557373,0.5589017271995544,0.9996815323829651,0.49287286400794983,0.6546343564987183,0.963950514793396,0.5292478203773499,0.7868922352790833,0.9735140204429626,0.5441308617591858,0.568571150302887,0.9993818998336792,0.49077901244163513,0.6577996015548706,0.45362502336502075,0.5250092148780823,0.7840731143951416,0.49423301219940186
480,16.0,1,left,134.02707564030126,134.02707564030126,,0.5536642074584961,0.5581634640693665,0.9996991753578186,0.49577170610427856,0.653874933719635,0.9649383425712585,0.5308483242988586,0.7865909337997437,0.9735791683197021,0.5417193174362183,0.5698957443237305,0.9994121789932251,0.4922235906124115,0.6579731106758118,0.45915770530700684,0.5255602598190308,0.7849212288856506,0.5066200494766235
481,16.033333333333335,1,left,138.09290283525132,138.09290283525132,,0.552238941192627,0.5499280691146851,0.9997212290763855,0.4980221390724182,0.6512487530708313,0.9667766690254211,0.5311111211776733,0.7864128351211548,0.9741706848144531,0.5376802682876587,0.5619067549705505,0.9994556903839111,0.4948612153530121,0.6578323841094971,0.47212550044059753,0.5258675217628479,0.7860603332519531,0.5217921733856201
482,16.066666666666666,1,left,139.85110717495326,139.85110717495326,,0.5505316853523254,0.5483258962631226,0.9997395873069763,0.49922052025794983,0.6504045724868774,0.9686518907546997,0.531823992729187,0.7866066098213196,0.9749922752380371,0.5368734002113342,0.5599757432937622,0.9994887709617615,0.49636802077293396,0.6600671410560608,0.47068604826927185,0.525999903678894,0.7861073613166809,0.531592071056366
483,16.1,1,left,144.34747715673373,144.34747715673373,,0.5481298565864563,0.5398079752922058,0.9997530579566956,0.5014223456382751,0.6493486762046814,0.9697034358978271,0.5319724678993225,0.7864783406257629,0.9743590950965881,0.5361608862876892,0.552356481552124,0.9995137453079224,0.5007616281509399,0.6591107845306396,0.46706950664520264,0.5276952385902405,0.7858822345733643,0.535775363445282
484,16.133333333333333,1,left,145.10107780914495,145.10107780914495,,0.5477514863014221,0.5409592986106873,0.9997698068618774,0.5023573040962219,0.6494312286376953,0.9709963202476501,0.53197181224823,0.7865172028541565,0.9745029211044312,0.5355609655380249,0.5513430237770081,0.9995476603507996,0.501361608505249,0.6588236093521118,0.4645034372806549,0.5279369354248047,0.7856546640396118,0.5474479794502258
485,16.166666666666668,1,left,151.00732935054964,151.00732935054964,,0.5445439219474792,0.5336026549339294,0.9997828006744385,0.5064620971679688,0.6461052298545837,0.9719666242599487,0.531960129737854,0.7865254282951355,0.9735496044158936,0.5330883264541626,0.5454363226890564,0.9995684027671814,0.5053785443305969,0.6563552618026733,0.46802976727485657,0.5278943181037903,0.7858753800392151,0.5515905618667603
486,16.2,1,left,151.98688008298544,151.98688008298544,,0.5437003374099731,0.5325349569320679,0.9997843503952026,0.5071777105331421,0.6449862718582153,0.9726670384407043,0.5321033596992493,0.7860580682754517,0.9717344045639038,0.5315266847610474,0.5428993701934814,0.9995698928833008,0.5064517259597778,0.6558225750923157,0.4729413688182831,0.527840256690979,0.7855119705200195,0.5557472705841064
487,16.233333333333334,1,left,155.51044381262005,155.51044381262005,,0.5412353277206421,0.5269278883934021,0.9997836351394653,0.5092487335205078,0.6432439088821411,0.9722713232040405,0.532097578048706,0.7856799364089966,0.9686509966850281,0.5303901433944702,0.5373756885528564,0.9995664358139038,0.5116111040115356,0.6533460021018982,0.4727361500263214,0.5302320122718811,0.7854912877082825,0.5561301708221436
488,16.266666666666666,1,left,156.7338413767461,156.7338413767461,,0.5399764180183411,0.5256288051605225,0.9997788071632385,0.5098537802696228,0.6418740749359131,0.9721016883850098,0.5319501757621765,0.7856261730194092,0.9660807251930237,0.5307919979095459,0.5360658168792725,0.9995574951171875,0.5122524499893188,0.6525660157203674,0.4702870547771454,0.5300031900405884,0.7851893901824951,0.5557815432548523
489,16.3,1,left,160.86546049700544,160.86546049700544,,0.5379489660263062,0.5221853852272034,0.9997832179069519,0.5130171775817871,0.6414722204208374,0.9703079462051392,0.5314260721206665,0.7845961451530457,0.9622575044631958,0.5304896831512451,0.5318034887313843,0.9995604753494263,0.5176937580108643,0.651768147945404,0.45658326148986816,0.5304290056228638,0.785118043422699,0.5450053811073303
490,16.333333333333332,1,left,162.49291912805776,162.49291912805776,,0.5367451906204224,0.5196298956871033,0.9997773170471191,0.5139979124069214,0.6407528519630432,0.9687910079956055,0.531226634979248,0.7837375402450562,0.9595056176185608,0.5305869579315186,0.5300944447517395,0.9995288252830505,0.5174576044082642,0.6515166759490967,0.4443555772304535,0.5302241444587708,0.7850374579429626,0.53629469871521
491,16.366666666666667,1,left,166.2842391005945,166.2842391005945,,0.5338134765625,0.5185409784317017,0.9997828602790833,0.5167955756187439,0.640169084072113,0.9654833674430847,0.5312684178352356,0.7838792204856873,0.9548245668411255,0.5296489000320435,0.5294566750526428,0.9995193481445312,0.5209020376205444,0.6494442224502563,0.43537428975105286,0.5304164290428162,0.7849891781806946,0.5259694457054138
492,16.4,1,left,167.68911184663514,167.68911184663514,,0.5315603017807007,0.5174630880355835,0.9997854828834534,0.5171501636505127,0.6402366161346436,0.9626544713973999,0.5312868356704712,0.783984363079071,0.9506598711013794,0.5295828580856323,0.5279200077056885,0.9995025992393494,0.5217992067337036,0.6488085985183716,0.4224209487438202,0.5304857492446899,0.7849425673484802,0.5096921920776367
493,16.433333333333334,1,left,169.19892055183172,169.19892055183172,,0.5295906662940979,0.5176387429237366,0.9997965693473816,0.5181651711463928,0.640387237071991,0.9602546691894531,0.5319719910621643,0.7842164635658264,0.9487378001213074,0.52779221534729,0.5280038118362427,0.9995133280754089,0.522239625453949,0.6487645506858826,0.41317686438560486,0.5314669609069824,0.7849028706550598,0.5011094212532043
494,16.466666666666665,1,left,170.36546900589758,170.36546900589758,,0.5291000604629517,0.5191389918327332,0.9997926950454712,0.5194793939590454,0.6412880420684814,0.9572625160217285,0.5323137044906616,0.7842170000076294,0.9473801851272583,0.5266600847244263,0.5296505093574524,0.9994987845420837,0.5229957699775696,0.6490717530250549,0.4039735198020935,0.5318678617477417,0.7847866415977478,0.49769437313079834
495,16.5,1,left,172.11427464600823,172.11427464600823,,0.5276873111724854,0.5201408863067627,0.999787449836731,0.520877480506897,0.6434949636459351,0.9509639143943787,0.5325888991355896,0.7851598858833313,0.9458643198013306,0.5252110362052917,0.5308954119682312,0.9994495511054993,0.5234764814376831,0.6494653224945068,0.39664965867996216,0.5321729183197021,0.7851370573043823,0.49420997500419617
496,16.533333333333335,1,left,173.7842309689975,173.7842309689975,,0.5271004438400269,0.5207715034484863,0.9997851252555847,0.5225327014923096,0.6452558636665344,0.9479837417602539,0.5325838923454285,0.7849867939949036,0.9455880522727966,0.5234141945838928,0.5316802263259888,0.9994120001792908,0.5235801935195923,0.6505000591278076,0.3933662176132202,0.5320984125137329,0.7851129770278931,0.49631214141845703
497,16.566666666666666,1,left,175.16295778308373,175.01031861536245,,0.5260812640190125,0.5210683941841125,0.9997676014900208,0.5236252546310425,0.6472691893577576,0.9466239213943481,0.532577395439148,0.784877598285675,0.9461864829063416,0.5220901370048523,0.5321093201637268,0.9993700981140137,0.5237036943435669,0.6517367959022522,0.3943714201450348,0.5319437980651855,0.785092294216156,0.5047755837440491
498,16.6,1,left,175.0181523981168,175.0181523981168,,0.5254645347595215,0.5214545726776123,0.9997500777244568,0.52318274974823,0.6481119394302368,0.9452106356620789,0.5325747132301331,0.784137487411499,0.9462048411369324,0.5225173830986023,0.5323871374130249,0.999330997467041,0.5252107381820679,0.6526783108711243,0.39102494716644287,0.5321024656295776,0.7848615646362305,0.5095364451408386
499,16.633333333333333,1,left,175.01031861536245,175.16295778308373,,0.5244110822677612,0.521531879901886,0.9996997117996216,0.5226608514785767,0.6495055556297302,0.9376544952392578,0.5325666666030884,0.7841999530792236,0.9436827301979065,0.5227130651473999,0.5326069593429565,0.9991174936294556,0.5254272818565369,0.6536942720413208,0.3917587101459503,0.5320709943771362,0.7849023342132568,0.5096848011016846
500,16.666666666666668,1,left,175.37532519683754,175.16841512170262,,0.5249034762382507,0.5230667591094971,0.9996998906135559,0.5233553051948547,0.6507339477539062,0.9371315836906433,0.5325366258621216,0.7843824028968811,0.9447185397148132,0.5214072465896606,0.5327300429344177,0.9991187453269958,0.5249671936035156,0.6542757153511047,0.39711230993270874,0.5316124558448792,0.7848283648490906,0.5185126662254333
501,16.7,1,left,175.49635413636653,175.16841512170262,,0.5241988301277161,0.5230121612548828,0.9996969699859619,0.5230835676193237,0.6505934000015259,0.9358144998550415,0.5324459075927734,0.7843870520591736,0.9446817636489868,0.5209053754806519,0.5326318740844727,0.9990717768669128,0.5246595144271851,0.6543615460395813,0.397623747587204,0.5313432216644287,0.7848576903343201,0.5174533724784851
502,16.733333333333334,1,left,175.16841512170262,175.29380143579706,,0.5244556665420532,0.5231236219406128,0.9996934533119202,0.5228366851806641,0.6505102515220642,0.9373630881309509,0.5324300527572632,0.7842320203781128,0.9460741877555847,0.5202047228813171,0.5327770709991455,0.999071478843689,0.5246353149414062,0.6543239951133728,0.4050496220588684,0.5315120220184326,0.7844329476356506,0.5264406800270081
503,16.766666666666666,1,left,175.10256388564105,175.26623486575517,,0.5243048071861267,0.5232030153274536,0.9996870756149292,0.5226795673370361,0.6503961682319641,0.9384157657623291,0.5324153900146484,0.7840791344642639,0.947058916091919,0.5200676918029785,0.5329648852348328,0.9990359544754028,0.5245153903961182,0.6543616056442261,0.4087362587451935,0.5315223336219788,0.7842723727226257,0.532581090927124
504,16.8,1,left,175.29380143579706,175.16841512170262,,0.5238651633262634,0.5230357050895691,0.9996883273124695,0.5225571393966675,0.6500242948532104,0.9403053522109985,0.532198965549469,0.784008264541626,0.9483534097671509,0.5195187330245972,0.5330503582954407,0.9990369081497192,0.5243824124336243,0.6543635129928589,0.41425633430480957,0.531485915184021,0.784214973449707,0.5389587879180908
505,16.833333333333332,1,left,175.26623486575517,175.1382087597994,,0.5238351225852966,0.5230425000190735,0.9996929168701172,0.5224704742431641,0.6497728824615479,0.9417060613632202,0.5321424603462219,0.7841508388519287,0.9496475458145142,0.5195756554603577,0.5330713391304016,0.9990327954292297,0.5242871046066284,0.6543599367141724,0.4187867343425751,0.5314799547195435,0.7842044234275818,0.5433953404426575
506,16.866666666666667,1,left,175.1382087597994,175.1382087597994,,0.5239223837852478,0.5229144096374512,0.9997004866600037,0.5223898887634277,0.6494829654693604,0.944163978099823,0.5322011709213257,0.7841138243675232,0.9514709711074829,0.5191608667373657,0.5331435203552246,0.999049186706543,0.5239964723587036,0.6543565392494202,0.42512115836143494,0.5314151644706726,0.7838324308395386,0.550682783126831
507,16.9,1,left,174.97302374050895,174.97302374050895,,0.5240172147750854,0.5229294896125793,0.9997071027755737,0.5223227739334106,0.6494458913803101,0.9461050033569336,0.5323618054389954,0.7842299938201904,0.9529972672462463,0.5184704065322876,0.5332046747207642,0.9990747570991516,0.523584246635437,0.6543580889701843,0.4336602985858917,0.5313204526901245,0.783722460269928,0.5586662888526917
508,16.933333333333334,1,left,174.9510704228135,174.9510704228135,,0.5240529775619507,0.5229485630989075,0.9996854066848755,0.5222873091697693,0.6493973135948181,0.9435759782791138,0.5322989821434021,0.7841546535491943,0.950003445148468,0.5185977220535278,0.5332510471343994,0.999006450176239,0.5234910845756531,0.6547049880027771,0.4198112189769745,0.5312052965164185,0.7837159633636475,0.5457055568695068
509,16.966666666666665,1,left,174.87423996360917,174.87423996360917,,0.5241013169288635,0.5229646563529968,0.9996930956840515,0.5222630500793457,0.6493469476699829,0.9455989599227905,0.5323851108551025,0.7842041850090027,0.9514892101287842,0.5180885195732117,0.5332593321800232,0.9990452527999878,0.523319661617279,0.6546995043754578,0.4257536232471466,0.5311778783798218,0.7836606502532959,0.5530107021331787
510,17.0,1,left,174.83075796418078,174.83075796418078,,0.5241389870643616,0.5229480862617493,0.9996967315673828,0.5222371220588684,0.6492822170257568,0.9469243884086609,0.532400906085968,0.7842431664466858,0.952634871006012,0.5181201696395874,0.5332812666893005,0.9990524649620056,0.5232861638069153,0.6547134518623352,0.43384358286857605,0.531212568283081,0.7836635112762451,0.560264527797699
511,17.033333333333335,1,left,174.77042250065114,174.77042250065114,,0.5240952372550964,0.5226225256919861,0.9997013211250305,0.5221307277679443,0.6485463976860046,0.9461688995361328,0.5323994159698486,0.7839839458465576,0.9515315294265747,0.5177823305130005,0.5331928133964539,0.999078094959259,0.5231015086174011,0.6546950936317444,0.4287170469760895,0.531223475933075,0.7834370136260986,0.5548856258392334
512,17.066666666666666,1,left,174.72225086871532,174.72225086871532,,0.5241544246673584,0.5230956673622131,0.9996889233589172,0.5219588279724121,0.6482458114624023,0.943081796169281,0.5321012735366821,0.7840020060539246,0.9499372839927673,0.5190512537956238,0.5332261323928833,0.9990436434745789,0.5240353941917419,0.6547098159790039,0.42403921484947205,0.531248927116394,0.7835672497749329,0.548738420009613
513,17.1,1,left,174.6942224001297,174.6942224001297,,0.5241705179214478,0.5237311124801636,0.9997022151947021,0.5219505429267883,0.6486366987228394,0.9445581436157227,0.5321075916290283,0.7841147184371948,0.9512506127357483,0.5187763571739197,0.5341640114784241,0.9990838766098022,0.5234993696212769,0.6548779606819153,0.42906010150909424,0.5312209725379944,0.78358393907547,0.5550838112831116
514,17.133333333333333,1,left,174.685333050555,174.685333050555,,0.5241844654083252,0.5237476229667664,0.9997126460075378,0.5218437910079956,0.6475852131843567,0.9460336565971375,0.531943142414093,0.7840737700462341,0.9522980451583862,0.5185877680778503,0.5343332886695862,0.9991250038146973,0.5234852433204651,0.6548148393630981,0.4344604015350342,0.5311598181724548,0.7838364839553833,0.5617853999137878
515,17.166666666666668,1,left,174.47407812420207,174.47407812420207,,0.5242200493812561,0.5237654447555542,0.9997255206108093,0.5215948224067688,0.6470821499824524,0.9469638466835022,0.5318871140480042,0.7837621569633484,0.9527989029884338,0.5185927152633667,0.5346673130989075,0.999160885810852,0.5234760046005249,0.654720664024353,0.43739059567451477,0.5311564803123474,0.7839024066925049,0.5630478262901306
516,17.2,1,left,174.01510628134452,174.01510628134452,,0.5242284536361694,0.5237423777580261,0.9997345209121704,0.5210294127464294,0.6469546556472778,0.9471519589424133,0.5317869186401367,0.7837143540382385,0.9528303742408752,0.5186034440994263,0.5349010825157166,0.9991844892501831,0.5234612226486206,0.6547196507453918,0.43968984484672546,0.5311547517776489,0.7840677499771118,0.5627104640007019
517,17.233333333333334,1,left,173.79625168730485,173.79625168730485,,0.5243157744407654,0.5236210823059082,0.9997454881668091,0.5207725763320923,0.6469499468803406,0.9479400515556335,0.5316997766494751,0.7840157151222229,0.9532003402709961,0.5186629295349121,0.5349979400634766,0.9992126822471619,0.5234355926513672,0.6547265648841858,0.44329532980918884,0.531065821647644,0.7844115495681763,0.5614462494850159
518,17.266666666666666,1,left,173.7763198454906,173.7763198454906,,0.5243993997573853,0.5228329300880432,0.9997523427009583,0.5208076238632202,0.6469544172286987,0.9490821957588196,0.5317567586898804,0.7840527892112732,0.9538251757621765,0.5186590552330017,0.534535825252533,0.9992201924324036,0.5232771635055542,0.6547666192054749,0.44360652565956116,0.5310074687004089,0.7844016551971436,0.5599902868270874
519,17.3,1,left,173.68727619794268,173.68727619794268,,0.524648904800415,0.5218991637229919,0.9997597932815552,0.5209704637527466,0.6467434167861938,0.9507531523704529,0.5320757627487183,0.7840189337730408,0.9547909498214722,0.5182391405105591,0.5340089201927185,0.9992375373840332,0.5229844450950623,0.6546300649642944,0.44843849539756775,0.5309795141220093,0.784223198890686,0.5620056390762329
520,17.333333333333332,1,left,173.5922489769104,173.64742951229402,,0.5249666571617126,0.5218839049339294,0.9997696876525879,0.5211103558540344,0.6465246677398682,0.952069878578186,0.5322595834732056,0.7840270400047302,0.9558027982711792,0.5180399417877197,0.5340436100959778,0.9992673397064209,0.5227018594741821,0.6545708775520325,0.45591631531715393,0.5310124754905701,0.7842200398445129,0.5666779279708862
521,17.366666666666667,1,left,173.56334273207483,173.64742951229402,,0.5250362753868103,0.5210621953010559,0.99977046251297,0.5210891962051392,0.64652419090271,0.9509499073028564,0.5322372317314148,0.7840391993522644,0.9531227350234985,0.5182999968528748,0.533410906791687,0.9992498755455017,0.5226956605911255,0.654517412185669,0.447398841381073,0.5310450792312622,0.7842292189598083,0.5522847771644592
522,17.4,1,left,173.64742951229402,173.64742951229402,,0.5250564813613892,0.520954966545105,0.9997782707214355,0.5212127566337585,0.646173357963562,0.9515566229820251,0.5322856903076172,0.783966600894928,0.9528325796127319,0.5185034275054932,0.5333474278450012,0.9992663264274597,0.5226938128471375,0.6544351577758789,0.4528237581253052,0.5311793684959412,0.7841167449951172,0.5504814386367798
523,17.433333333333334,1,left,173.78948987060042,173.78948987060042,,0.5252126455307007,0.5209610462188721,0.999782919883728,0.5214732885360718,0.6459546685218811,0.9515124559402466,0.5323238372802734,0.7839182019233704,0.9522577524185181,0.5185068845748901,0.5333550572395325,0.9992706775665283,0.5226662755012512,0.6543774008750916,0.45051631331443787,0.5311743021011353,0.7837980389595032,0.5453734397888184
524,17.466666666666665,1,left,174.0077226984997,173.78948987060042,,0.5252591967582703,0.5214044451713562,0.9997822046279907,0.5217616558074951,0.646080732345581,0.9512941837310791,0.5323350429534912,0.7839540243148804,0.9519186615943909,0.5183501243591309,0.533857524394989,0.999263346195221,0.5225504636764526,0.6545588374137878,0.4489681124687195,0.5311343669891357,0.7837973237037659,0.5441429615020752
525,17.5,1,left,173.87015812405792,173.78948987060042,,0.5255354642868042,0.5214027166366577,0.9997884631156921,0.5217602252960205,0.6458068490028381,0.9519872665405273,0.5323700904846191,0.7839577198028564,0.9519691467285156,0.5186874866485596,0.5340445041656494,0.9992821216583252,0.5225454568862915,0.6545325517654419,0.4493540823459625,0.5311201214790344,0.7837936282157898,0.5419548153877258
526,17.533333333333335,1,left,173.6635221224476,173.6635221224476,,0.5259436368942261,0.5214208960533142,0.9997850656509399,0.5217448472976685,0.6459442973136902,0.9515563249588013,0.532370924949646,0.7838769555091858,0.951238751411438,0.5192477107048035,0.534047544002533,0.9992672801017761,0.522582471370697,0.6545447111129761,0.4421340823173523,0.5311850905418396,0.783777117729187,0.5351817011833191
527,17.566666666666666,1,left,173.27914766152765,173.27914766152765,,0.5262839794158936,0.5212965607643127,0.999786376953125,0.5214823484420776,0.6459482312202454,0.9504605531692505,0.5323739647865295,0.7838811278343201,0.9482820630073547,0.5195326209068298,0.5339850783348083,0.9992719888687134,0.5223878622055054,0.6545431017875671,0.43878644704818726,0.5311838388442993,0.7846521735191345,0.5264410972595215
528,17.6,1,left,173.0099303578174,173.0099303578174,,0.5268370509147644,0.5214470028877258,0.9997810125350952,0.5214697122573853,0.6461913585662842,0.9503657221794128,0.5323687791824341,0.7838678956031799,0.9473108053207397,0.5195408463478088,0.5336124300956726,0.9992741346359253,0.5223847031593323,0.6545870304107666,0.43542909622192383,0.5310908555984497,0.7847190499305725,0.5222285985946655
529,17.633333333333333,1,left,172.77980046726523,172.77980046726523,,0.527244508266449,0.5214536190032959,0.999782919883728,0.5214097499847412,0.6463483572006226,0.9500688314437866,0.5323479771614075,0.7839367389678955,0.9467674493789673,0.5200322866439819,0.5335937738418579,0.9992854595184326,0.5223198533058167,0.6547285914421082,0.43129584193229675,0.5309759378433228,0.7848648428916931,0.5183844566345215
530,17.666666666666668,1,left,172.20036416445117,172.20036416445117,,0.5279921889305115,0.5209389328956604,0.9997862577438354,0.5212274193763733,0.6451876163482666,0.9485760927200317,0.532590925693512,0.7839020490646362,0.943742573261261,0.5203659534454346,0.5330612659454346,0.9992958307266235,0.5221578478813171,0.6534277200698853,0.42650270462036133,0.5312596559524536,0.7848107218742371,0.5110911726951599
531,17.7,1,left,171.38041137252276,171.38041137252276,,0.528677225112915,0.5201684236526489,0.9997879266738892,0.5209044814109802,0.6442236304283142,0.9435240626335144,0.5332381725311279,0.7842307686805725,0.9394166469573975,0.5209203958511353,0.5319992303848267,0.9992824196815491,0.5215038061141968,0.6514480113983154,0.41604018211364746,0.5315778851509094,0.7846129536628723,0.5003703832626343
532,17.733333333333334,1,left,170.89669298679144,170.89669298679144,,0.5287600755691528,0.5197392106056213,0.9997875094413757,0.5204142928123474,0.6437162756919861,0.939784049987793,0.5333330035209656,0.7842522859573364,0.9349072575569153,0.5224766731262207,0.5317626595497131,0.9992566108703613,0.5213879346847534,0.6506567597389221,0.40444085001945496,0.5316979885101318,0.7843671441078186,0.4856651723384857
533,17.766666666666666,1,left,169.6556590259682,169.6556590259682,,0.529056191444397,0.52005535364151,0.9997943043708801,0.5191162824630737,0.644576907157898,0.9364795684814453,0.5333306789398193,0.7849929332733154,0.931622326374054,0.525619387626648,0.5317724943161011,0.9992620944976807,0.5211747884750366,0.6507548093795776,0.3917256295681,0.5315929651260376,0.7844351530075073,0.46923473477363586
534,17.8,1,left,168.531790464962,168.531790464962,,0.5292880535125732,0.5204027891159058,0.9997966885566711,0.5178804993629456,0.6446552872657776,0.9331216812133789,0.5332678556442261,0.7857793569564819,0.9282857179641724,0.5284593105316162,0.5317800045013428,0.9992471933364868,0.5209023356437683,0.6505006551742554,0.37886568903923035,0.5315593481063843,0.784460186958313,0.4538269340991974
535,17.833333333333332,1,left,166.19617317581623,166.19617317581623,,0.5327135324478149,0.5217044353485107,0.9998058080673218,0.5165732502937317,0.6443796753883362,0.9332790374755859,0.5322096347808838,0.7858194708824158,0.9284286499023438,0.5293542742729187,0.5322181582450867,0.9992851614952087,0.5202875137329102,0.6504085659980774,0.37473466992378235,0.5306527614593506,0.7846845984458923,0.4490673840045929
536,17.866666666666667,1,left,165.4807068955985,165.4807068955985,,0.5347868204116821,0.5219548940658569,0.9998077750205994,0.5165392160415649,0.6443004608154297,0.9345381855964661,0.5314767956733704,0.785561740398407,0.928614616394043,0.5294223427772522,0.5323891639709473,0.9993033409118652,0.5199946165084839,0.650453507900238,0.374286025762558,0.5304761528968811,0.784458577632904,0.44912150502204895
537,17.9,1,left,162.74252393402466,162.74252393402466,,0.5385724902153015,0.5239111185073853,0.9998071789741516,0.5155520439147949,0.6442254185676575,0.9371379613876343,0.5314760208129883,0.7856193780899048,0.9304510951042175,0.529791533946991,0.5326971411705017,0.9993346333503723,0.5180774927139282,0.6505717635154724,0.36622801423072815,0.5301794409751892,0.7840818762779236,0.44576263427734375
538,17.933333333333334,1,left,160.2123286353393,160.2123286353393,,0.5401010513305664,0.5268347859382629,0.9998027086257935,0.5137675404548645,0.644227921962738,0.9403277039527893,0.5314863920211792,0.7855895161628723,0.9320886135101318,0.5300732851028442,0.5342967510223389,0.9993650317192078,0.5161098837852478,0.650869607925415,0.36678972840309143,0.5305535197257996,0.7840685248374939,0.4524993896484375
539,17.966666666666665,1,left,157.39993890870636,157.39993890870636,,0.5416703820228577,0.5307283997535706,0.9998023509979248,0.5117422342300415,0.6458494067192078,0.9433270692825317,0.5316126942634583,0.7867463231086731,0.9346322417259216,0.532788872718811,0.5365787744522095,0.9993900060653687,0.5137392282485962,0.6516717672348022,0.36255717277526855,0.530514121055603,0.7844178080558777,0.4558964669704437
540,18.0,1,left,156.93945630791083,156.93945630791083,,0.5421814918518066,0.5318186283111572,0.9998043179512024,0.5115603804588318,0.6470502018928528,0.9468581080436707,0.531766951084137,0.7876399159431458,0.9372483491897583,0.5329937934875488,0.5375965237617493,0.999426543712616,0.5127639174461365,0.652845561504364,0.3678283095359802,0.5305023193359375,0.7846542596817017,0.46653908491134644
541,18.033333333333335,1,left,154.263946620618,154.263946620618,,0.5447712540626526,0.5362564325332642,0.9997987747192383,0.5104060769081116,0.6487754583358765,0.9494094252586365,0.5319141149520874,0.7884746789932251,0.9389585852622986,0.5366306900978088,0.5406653881072998,0.9994543790817261,0.5105487704277039,0.6541205644607544,0.3670853078365326,0.5303443074226379,0.7847177386283875,0.47185733914375305
542,18.066666666666666,1,left,152.7346598126631,152.7346598126631,,0.545716404914856,0.5394126772880554,0.9997988343238831,0.5094989538192749,0.6506026983261108,0.9524589776992798,0.5320228338241577,0.7893076539039612,0.9414597153663635,0.5360153317451477,0.5435377359390259,0.9994821548461914,0.5086527466773987,0.6548028588294983,0.37247586250305176,0.5300636291503906,0.7850624322891235,0.48200172185897827
543,18.1,1,left,150.25187629287504,150.25187629287504,,0.548869788646698,0.5450471639633179,0.9997971057891846,0.5087910294532776,0.654464066028595,0.9546338319778442,0.5319439768791199,0.790908694267273,0.9443473815917969,0.5395902395248413,0.5496625900268555,0.9994928240776062,0.506595253944397,0.6560195684432983,0.3712082803249359,0.528693675994873,0.7852469086647034,0.48846930265426636
544,18.133333333333333,1,left,148.19568769603472,148.19568769603472,,0.5496727228164673,0.5458783507347107,0.9998070001602173,0.5070676803588867,0.6540329456329346,0.957510232925415,0.5319395065307617,0.7908465266227722,0.9478432536125183,0.53924161195755,0.5515443682670593,0.9995265603065491,0.5052905678749084,0.6573499441146851,0.38216474652290344,0.5285184383392334,0.7858253121376038,0.5060563683509827
545,18.166666666666668,1,left,144.24745223953153,144.24745223953153,,0.5517066717147827,0.5494576692581177,0.9998121857643127,0.5045892000198364,0.6536878943443298,0.9597069621086121,0.5321576595306396,0.7900791168212891,0.9506301879882812,0.5399476289749146,0.5561113357543945,0.999549925327301,0.502530038356781,0.6587139964103699,0.389751136302948,0.5286809802055359,0.7858078479766846,0.5188611149787903
546,18.2,1,left,142.3365827776327,142.3365827776327,,0.5519263744354248,0.5515353679656982,0.9998188018798828,0.5028766393661499,0.65447598695755,0.9619429707527161,0.5321124792098999,0.7898539900779724,0.9538062810897827,0.5402144193649292,0.5576273202896118,0.9995706081390381,0.5018563866615295,0.659191370010376,0.4022836685180664,0.5286744832992554,0.7864751219749451,0.535729706287384
547,18.233333333333334,1,left,139.23991693764322,139.23991693764322,,0.5546990633010864,0.5552993416786194,0.9998214244842529,0.5016781091690063,0.6547611355781555,0.9633712768554688,0.5320802927017212,0.7896776795387268,0.9560026526451111,0.5426761507987976,0.5627626180648804,0.9995879530906677,0.49914735555648804,0.6596028804779053,0.4100921154022217,0.5279639959335327,0.7864699959754944,0.5422586798667908
548,18.266666666666666,1,left,137.9574694396578,137.9574694396578,,0.5549184083938599,0.5564326047897339,0.9998238682746887,0.5006945729255676,0.6548616886138916,0.9641597270965576,0.5320783257484436,0.7887458801269531,0.9571778178215027,0.5439450740814209,0.5647238492965698,0.9996010661125183,0.4994540810585022,0.6595843434333801,0.4221060872077942,0.528046727180481,0.7864382863044739,0.546334981918335
549,18.3,1,left,133.8840645921591,133.8840645921591,,0.5577694177627563,0.5623481273651123,0.9998205304145813,0.49890393018722534,0.6561096906661987,0.9648986458778381,0.5320820212364197,0.7892345190048218,0.9591652154922485,0.547884464263916,0.5715969204902649,0.9996020197868347,0.49721288681030273,0.660027801990509,0.4272992014884949,0.5280768275260925,0.7874411344528198,0.5479549765586853
550,18.333333333333332,1,left,133.45321230018376,133.45321230018376,,0.5591538548469543,0.5627216696739197,0.9998242259025574,0.4991399347782135,0.6549789905548096,0.9649316072463989,0.5313719511032104,0.7892086505889893,0.9600030779838562,0.5496447086334229,0.5716203451156616,0.9996160268783569,0.4969019889831543,0.6584821939468384,0.4298785626888275,0.5275849103927612,0.7874382734298706,0.5449174046516418
551,18.366666666666667,1,left,131.6350123040893,131.6350123040893,,0.5601399540901184,0.5673130750656128,0.9998243451118469,0.4989401698112488,0.6552199125289917,0.9643310904502869,0.5311520099639893,0.7891882061958313,0.9607616066932678,0.552031934261322,0.5769952535629272,0.9996157884597778,0.4955711364746094,0.6583878397941589,0.42681586742401123,0.5275249481201172,0.7872525453567505,0.539014995098114
552,18.4,1,left,128.54419142259422,128.54419142259422,,0.561165988445282,0.569778323173523,0.9998307228088379,0.49676114320755005,0.6546317934989929,0.9635614156723022,0.5309468507766724,0.7891708612442017,0.9612784385681152,0.55286705493927,0.5790818929672241,0.9996328949928284,0.4948205351829529,0.6584795117378235,0.4200272560119629,0.5275912880897522,0.7871482372283936,0.5259657502174377
553,18.433333333333334,1,left,124.3012195496054,124.3012195496054,,0.5622884631156921,0.5759525299072266,0.9998335242271423,0.4947163164615631,0.6544464230537415,0.9629508852958679,0.5307488441467285,0.7891569137573242,0.9626363515853882,0.5539838671684265,0.584037184715271,0.9996434450149536,0.49247312545776367,0.6584950685501099,0.41242024302482605,0.5273956060409546,0.7866727709770203,0.5146059393882751
554,18.466666666666665,1,left,123.42546869902468,123.42546869902468,,0.5628869533538818,0.5768415331840515,0.9998400807380676,0.49427685141563416,0.6542081832885742,0.9621649980545044,0.5302850008010864,0.7885234355926514,0.9635321497917175,0.5538634061813354,0.5860198140144348,0.9996565580368042,0.4911991059780121,0.658539354801178,0.406093031167984,0.527137279510498,0.7846237421035767,0.5012158751487732
555,18.5,1,left,119.02914661118109,119.02914661118109,,0.5640738010406494,0.5843325257301331,0.9998444318771362,0.4930015504360199,0.6541720628738403,0.9618266224861145,0.5301220417022705,0.7883002161979675,0.9649931192398071,0.555473268032074,0.592525064945221,0.9996663331985474,0.490215003490448,0.6585387587547302,0.3988880217075348,0.5271440744400024,0.7831036448478699,0.4901990592479706
556,18.533333333333335,1,left,118.83083129322573,118.83083129322573,,0.56415855884552,0.5834620594978333,0.9998511672019958,0.4924210011959076,0.6541137099266052,0.9615551829338074,0.5300256609916687,0.7876083254814148,0.9662098288536072,0.5552283525466919,0.5927405953407288,0.9996802806854248,0.48936596512794495,0.6589082479476929,0.3942796289920807,0.5270631313323975,0.78277587890625,0.4817196726799011
557,18.566666666666666,1,left,113.46832930683715,113.46832930683715,,0.5661174058914185,0.5922290682792664,0.9998577833175659,0.4912833273410797,0.6543340086936951,0.9616221189498901,0.5300301313400269,0.7875190377235413,0.9677567481994629,0.5556983947753906,0.6006640791893005,0.9996944069862366,0.4877040982246399,0.6595044732093811,0.3925876319408417,0.5267699956893921,0.7824733257293701,0.47921669483184814
558,18.6,1,left,112.0798386872127,112.0798386872127,,0.5662456750869751,0.594681441783905,0.9998639822006226,0.4904555678367615,0.6543663144111633,0.9617729783058167,0.5289589166641235,0.787409782409668,0.9692550897598267,0.5551682710647583,0.6024845242500305,0.9997100234031677,0.4856874346733093,0.6597526669502258,0.395083487033844,0.5248944759368896,0.7813559770584106,0.48062360286712646
559,18.633333333333333,1,left,108.84652723872564,108.84652723872564,,0.5671592354774475,0.6000966429710388,0.9998692870140076,0.49002179503440857,0.6544983983039856,0.9615192413330078,0.5289839506149292,0.7873325943946838,0.9704742431640625,0.5550206899642944,0.6085276007652283,0.9997202754020691,0.4838009476661682,0.6598072052001953,0.3975960612297058,0.522068977355957,0.7798277735710144,0.48040691018104553
560,18.666666666666668,1,left,108.20232338834538,108.20232338834538,,0.5673171877861023,0.6008613705635071,0.9998749494552612,0.4896508753299713,0.6544350385665894,0.9617573022842407,0.5287377834320068,0.7872810959815979,0.9717360138893127,0.5549287796020508,0.6098149418830872,0.9997318983078003,0.4828628897666931,0.6610080599784851,0.4059624969959259,0.5203120708465576,0.7782993912696838,0.4858725666999817
561,18.7,1,left,104.865842652428,104.865842652428,,0.5674834847450256,0.6061949133872986,0.9998772144317627,0.4888381361961365,0.6544538736343384,0.9625001549720764,0.5286022424697876,0.787259042263031,0.973143994808197,0.5550366640090942,0.6147804856300354,0.9997368454933167,0.48219212889671326,0.6620901226997375,0.406489759683609,0.5199020504951477,0.7780662775039673,0.48814305663108826
562,18.733333333333334,1,left,103.62824076553046,103.62824076553046,,0.5677167177200317,0.6084270477294922,0.9998828172683716,0.4885323643684387,0.6550506353378296,0.9636600613594055,0.528599739074707,0.7872492671012878,0.9747434258460999,0.5549185872077942,0.6169551610946655,0.9997488856315613,0.4822229743003845,0.663611114025116,0.4172130525112152,0.5200616121292114,0.7776921391487122,0.5005757808685303
563,18.766666666666666,1,left,100.45092489595389,100.45092489595389,,0.5681132078170776,0.6127951145172119,0.9998874664306641,0.48769909143447876,0.6548683643341064,0.9644735455513,0.5286004543304443,0.7872613072395325,0.9759260416030884,0.5553457736968994,0.6228923797607422,0.9997579455375671,0.481478214263916,0.6659547090530396,0.4215935468673706,0.5200825929641724,0.7776026129722595,0.5038835406303406
564,18.8,1,left,99.05988962911658,99.05988962911658,,0.5684621334075928,0.6149429082870483,0.9998871088027954,0.48742300271987915,0.6550838947296143,0.9649187326431274,0.5285636186599731,0.7872473001480103,0.977039098739624,0.5554916858673096,0.6261217594146729,0.9997614622116089,0.4815322756767273,0.6668497920036316,0.43030381202697754,0.520290732383728,0.7777107954025269,0.5129448175430298
565,18.833333333333332,1,left,96.0223760746148,96.0223760746148,,0.5685977935791016,0.6202194094657898,0.9998898506164551,0.4868229925632477,0.6555971503257751,0.9661837816238403,0.5281153917312622,0.7875866293907166,0.9783575534820557,0.5556697845458984,0.6300635933876038,0.9997674822807312,0.481142520904541,0.668598473072052,0.43556949496269226,0.5210326910018921,0.7785988450050354,0.5216571688652039
566,18.866666666666667,1,left,94.914326338784,94.914326338784,,0.5687152147293091,0.6208266019821167,0.9998854398727417,0.4857867360115051,0.6556404232978821,0.9672317504882812,0.5283323526382446,0.7876903414726257,0.9792816638946533,0.5561599135398865,0.630957841873169,0.9997631311416626,0.4808274209499359,0.6690288782119751,0.44098109006881714,0.5213961005210876,0.779270350933075,0.5267924070358276
567,18.9,1,left,89.6309519499036,89.6309519499036,,0.5689873099327087,0.6287212371826172,0.999880850315094,0.48504072427749634,0.6556898951530457,0.9685031771659851,0.5284872055053711,0.7879952192306519,0.980465829372406,0.5568467378616333,0.6375868320465088,0.9997571706771851,0.48034387826919556,0.6695590615272522,0.4480759799480438,0.5217401385307312,0.780125617980957,0.5369518995285034
568,18.933333333333334,1,left,88.21119962037261,88.21119962037261,,0.5692957639694214,0.6302090883255005,0.9998726844787598,0.4851554334163666,0.6545960307121277,0.9694923162460327,0.5284892320632935,0.7883423566818237,0.9811707139015198,0.5568047761917114,0.6411711573600769,0.9997418522834778,0.47936296463012695,0.6698969006538391,0.4571280777454376,0.521791398525238,0.7805297374725342,0.5387746691703796
569,18.966666666666665,1,left,85.05754464775742,85.05754464775742,,0.5692692995071411,0.6348161101341248,0.9998592138290405,0.48465222120285034,0.6546169519424438,0.9696308374404907,0.5283970236778259,0.7883517146110535,0.981275200843811,0.5573250651359558,0.6473565697669983,0.9997267127037048,0.47852253913879395,0.6713355183601379,0.4626631736755371,0.5218333005905151,0.7810880541801453,0.5406328439712524
570,19.0,1,left,83.48517512417014,83.48517512417014,,0.5693382024765015,0.6369384527206421,0.9998489618301392,0.4848114550113678,0.6543061137199402,0.9696478247642517,0.5287545919418335,0.7885459065437317,0.9818097352981567,0.557221531867981,0.650107741355896,0.9996979832649231,0.477994829416275,0.6710615754127502,0.4654673635959625,0.5217198133468628,0.7811197638511658,0.5377640724182129
571,19.033333333333335,1,left,79.38888785811218,79.38888785811218,,0.5693168640136719,0.6426499485969543,0.9998343586921692,0.4840856194496155,0.6543338894844055,0.9694238901138306,0.528828501701355,0.7887039184570312,0.9818786978721619,0.5578259825706482,0.6565319299697876,0.9996706247329712,0.4775376319885254,0.6711580753326416,0.4601462483406067,0.5216637253761292,0.7812915444374084,0.5332534909248352
572,19.066666666666666,1,left,77.17239569770118,77.17239569770118,,0.5693169236183167,0.6460898518562317,0.9998108148574829,0.4837767481803894,0.6547329425811768,0.9687466025352478,0.528866708278656,0.7887362241744995,0.9819180369377136,0.5577410459518433,0.6578192114830017,0.9996294379234314,0.4777105748653412,0.6703595519065857,0.4577089846134186,0.522671103477478,0.7816197872161865,0.5299566388130188
573,19.1,1,left,73.20428201448085,73.20428201448085,,0.5692456364631653,0.6521788239479065,0.9997898936271667,0.4831727147102356,0.6554582715034485,0.96715247631073,0.5288688540458679,0.7883376479148865,0.9814441800117493,0.5577145218849182,0.6632343530654907,0.9995906352996826,0.47784358263015747,0.6702131032943726,0.4487372040748596,0.5229415893554688,0.7815955281257629,0.5239836573600769
574,19.133333333333333,1,left,72.46387564147552,72.46387564147552,,0.5691996216773987,0.653783917427063,0.9997677206993103,0.48327311873435974,0.6560371518135071,0.9666963219642639,0.5288727879524231,0.7881816625595093,0.9814454913139343,0.5571738481521606,0.6645599007606506,0.9995404481887817,0.47762036323547363,0.6701384782791138,0.4439285099506378,0.5228069424629211,0.7813395261764526,0.5228948593139648
575,19.166666666666668,1,left,68.75678706859942,68.75678706859942,,0.5689359903335571,0.659979522228241,0.9997164607048035,0.4824003577232361,0.6573679447174072,0.9651967287063599,0.5287616848945618,0.7881823778152466,0.9811927676200867,0.5570727586746216,0.6697118282318115,0.9994281530380249,0.4773171544075012,0.6702080965042114,0.435922235250473,0.5232418775558472,0.7811483144760132,0.5184856057167053
576,19.2,1,left,67.64899659486865,67.64899659486865,,0.568900465965271,0.6615184545516968,0.9996821284294128,0.48208147287368774,0.6576390862464905,0.9651325345039368,0.5288859605789185,0.7876967191696167,0.9815292358398438,0.5570424795150757,0.6705373525619507,0.999337375164032,0.47680187225341797,0.6708775758743286,0.43574121594429016,0.5233187079429626,0.7802154421806335,0.5234594345092773
577,19.233333333333334,1,left,65.75780040882692,65.75780040882692,,0.5688988566398621,0.6645285487174988,0.9996638298034668,0.48217397928237915,0.6578318476676941,0.9648568034172058,0.5289908051490784,0.7876806259155273,0.9815095663070679,0.5563392639160156,0.6753990054130554,0.9992834329605103,0.4765089452266693,0.671798825263977,0.4315692186355591,0.5226273536682129,0.7796928882598877,0.5229929089546204
578,19.266666666666666,1,left,65.0258085065134,65.0258085065134,,0.5689183473587036,0.6661331653594971,0.9996086955070496,0.4822348952293396,0.6584709882736206,0.9634009003639221,0.5289586782455444,0.7873837351799011,0.9808303713798523,0.556329071521759,0.6758205890655518,0.9991708993911743,0.4764120578765869,0.6717671751976013,0.42643773555755615,0.5227476358413696,0.779697597026825,0.5189319252967834
579,19.3,1,left,62.3394068955308,62.3394068955308,,0.5689107775688171,0.6696030497550964,0.9995729327201843,0.4822753965854645,0.6572372317314148,0.9619438052177429,0.5284326076507568,0.7873112559318542,0.9803792238235474,0.5561800599098206,0.6798133254051208,0.9990758299827576,0.47595587372779846,0.6717435121536255,0.41880133748054504,0.522634744644165,0.7788220047950745,0.5143595933914185
580,19.333333333333332,1,left,61.881754097366745,61.881754097366745,,0.569332480430603,0.6703358888626099,0.9995372295379639,0.4823187291622162,0.657328724861145,0.9616500735282898,0.5283048748970032,0.7863559722900391,0.9800276160240173,0.5559984445571899,0.6802762150764465,0.9989854693412781,0.47556591033935547,0.6716764569282532,0.4228243827819824,0.5223933458328247,0.777780294418335,0.5201980471611023
581,19.366666666666667,1,left,58.93707805281573,58.93707805281573,,0.5692259073257446,0.6747509837150574,0.9995107054710388,0.48210906982421875,0.6573312282562256,0.9615706205368042,0.5282576680183411,0.7858285307884216,0.9800122380256653,0.5559959411621094,0.6838880181312561,0.9988969564437866,0.47532033920288086,0.6717227101325989,0.4219576120376587,0.5221420526504517,0.7762030363082886,0.5218446850776672
582,19.4,1,left,57.03291468595596,57.03291468595596,,0.569391667842865,0.6776494979858398,0.9994549751281738,0.4821299612522125,0.6570530533790588,0.9607373476028442,0.5278939008712769,0.7849611639976501,0.9791275262832642,0.555945634841919,0.6868762373924255,0.9987398982048035,0.47517529129981995,0.6719255447387695,0.4200252294540405,0.5219308137893677,0.7732881903648376,0.5215014219284058
583,19.433333333333334,1,left,55.12109151177052,55.12109151177052,,0.5693490505218506,0.680919349193573,0.9994181990623474,0.482135534286499,0.6571647524833679,0.9603937864303589,0.5271032452583313,0.7831516265869141,0.977833092212677,0.555761456489563,0.6908424496650696,0.9986604452133179,0.4752069413661957,0.6719056367874146,0.42235609889030457,0.521373450756073,0.7729829549789429,0.5271713137626648
584,19.466666666666665,1,left,54.0028392822194,54.0028392822194,,0.5693361759185791,0.6842327117919922,0.9993485808372498,0.48095959424972534,0.6596571803092957,0.9591055512428284,0.5270609855651855,0.7832428812980652,0.9760933518409729,0.5571596622467041,0.6902457475662231,0.998542308807373,0.47547560930252075,0.6699100136756897,0.41369906067848206,0.5213784575462341,0.7726410627365112,0.5227780342102051
585,19.5,1,left,51.77269468884072,51.77269468884072,,0.5693027377128601,0.6877871155738831,0.9993000030517578,0.48124319314956665,0.6595252156257629,0.957827091217041,0.5266990661621094,0.781532347202301,0.9745661616325378,0.5571845769882202,0.6937161087989807,0.9984559416770935,0.4754939675331116,0.6698026657104492,0.40437549352645874,0.5212936997413635,0.7696170210838318,0.5154682993888855
586,19.533333333333335,1,left,50.5118690394612,50.5118690394612,,0.5692963600158691,0.6903842091560364,0.99921715259552,0.48119229078292847,0.66012042760849,0.956218957901001,0.5267099738121033,0.7816656231880188,0.9734215140342712,0.5580625534057617,0.6940236687660217,0.9983122944831848,0.47556057572364807,0.6693158745765686,0.3932743966579437,0.5214601755142212,0.7695941925048828,0.5078567862510681
587,19.566666666666666,1,left,47.95310118389743,47.95310118389743,,0.5692908763885498,0.6948158740997314,0.9991810321807861,0.48115453124046326,0.6602091193199158,0.9538360238075256,0.5267001390457153,0.7813206911087036,0.9709299802780151,0.5589934587478638,0.7016431093215942,0.9982681274414062,0.4756149351596832,0.6698642373085022,0.38592639565467834,0.5219382047653198,0.7699240446090698,0.5008373856544495
588,19.6,1,left,47.52494099422311,47.52494099422311,,0.5693097114562988,0.6955565810203552,0.9991414546966553,0.48165804147720337,0.6598190665245056,0.9515849947929382,0.5267078876495361,0.7816486954689026,0.9696691036224365,0.5589717626571655,0.7011484503746033,0.9981960654258728,0.4756084978580475,0.6699439883232117,0.37963515520095825,0.522131085395813,0.7699921131134033,0.49381646513938904
589,19.633333333333333,1,left,45.46410819849618,45.46410819849618,,0.5691494941711426,0.6992481350898743,0.9990711212158203,0.4818698763847351,0.6596664786338806,0.9483351111412048,0.5264425277709961,0.7811947464942932,0.9677671790122986,0.5591076612472534,0.7040002346038818,0.9980965256690979,0.4764651358127594,0.6697714328765869,0.3657584488391876,0.5222797989845276,0.7701950669288635,0.4809589087963104
590,19.666666666666668,1,left,44.69387291945034,44.69387291945034,,0.5691471099853516,0.7007331848144531,0.9989448189735413,0.48192399740219116,0.6596318483352661,0.9455291628837585,0.5263850688934326,0.7812896370887756,0.9661633968353271,0.5594801306724548,0.7051649689674377,0.9978924989700317,0.47670283913612366,0.6697694659233093,0.3576710522174835,0.5224577188491821,0.7720522284507751,0.47046327590942383
591,19.7,1,left,42.88833028024533,43.762027007661885,,0.569159746170044,0.7041744589805603,0.9988672733306885,0.4819332957267761,0.6596171855926514,0.942579448223114,0.5263682007789612,0.781352698802948,0.9632388949394226,0.5606662034988403,0.7089348435401917,0.9978165030479431,0.4774754047393799,0.669759213924408,0.34554216265678406,0.5225533246994019,0.7721071839332581,0.4573023021221161
592,19.733333333333334,1,left,43.762027007661885,42.88833028024533,,0.5689924955368042,0.7030870914459229,0.9988502860069275,0.4817836284637451,0.6600483655929565,0.9415655732154846,0.5263708233833313,0.7827436923980713,0.9620627164840698,0.5605798363685608,0.7073110342025757,0.997802197933197,0.4776906967163086,0.6697351336479187,0.3381345868110657,0.5226491689682007,0.7730146646499634,0.44759681820869446
593,19.766666666666666,1,left,41.60081818347792,42.37654301527198,,0.5689917206764221,0.7071760296821594,0.998846173286438,0.4816930890083313,0.6600287556648254,0.9398963451385498,0.5263732671737671,0.7826062440872192,0.9589740037918091,0.5612276792526245,0.7117162942886353,0.9978410601615906,0.47778263688087463,0.66958087682724,0.3293565809726715,0.5227013826370239,0.7730249166488647,0.4384216070175171
594,19.8,1,left,42.37654301527198,41.60081818347792,,0.5689736604690552,0.7060022354125977,0.9988031983375549,0.4816974699497223,0.6599048972129822,0.9384676218032837,0.5264698266983032,0.7843914031982422,0.9576599597930908,0.5612128973007202,0.7106202840805054,0.9977831244468689,0.4777957499027252,0.6696437001228333,0.32528573274612427,0.5227072834968567,0.7747061848640442,0.4284891188144684
595,19.833333333333332,1,left,41.05450634212632,41.32379455562667,,0.5689862966537476,0.7086019515991211,0.9987569451332092,0.48167482018470764,0.6598804593086243,0.936397910118103,0.526471734046936,0.7844237089157104,0.9545379281044006,0.5613868236541748,0.7126115560531616,0.9977262020111084,0.4779725670814514,0.6701399683952332,0.316133588552475,0.5227099657058716,0.7747104167938232,0.41620296239852905
596,19.866666666666667,1,left,41.32379455562667,41.05450634212632,,0.569013774394989,0.7078710794448853,0.9987359642982483,0.48170509934425354,0.6594321131706238,0.9355302453041077,0.5264719128608704,0.784773588180542,0.95387202501297,0.5613453388214111,0.7128541469573975,0.9977045059204102,0.4780001640319824,0.6704738736152649,0.31314361095428467,0.5227168798446655,0.7754250168800354,0.41072046756744385
597,19.9,1,left,40.199085382271264,40.391544058814134,,0.5690151453018188,0.7101970911026001,0.9987102150917053,0.48172125220298767,0.6594603061676025,0.9340679049491882,0.5264979600906372,0.7849653363227844,0.9525344967842102,0.5613986253738403,0.7142123579978943,0.9976618885993958,0.47806015610694885,0.6704902052879333,0.3045106530189514,0.5227895975112915,0.7754186391830444,0.40049639344215393
598,19.933333333333334,1,left,40.391544058814134,40.199085382271264,,0.5692161321640015,0.7098726034164429,0.9987112283706665,0.48207196593284607,0.659218430519104,0.9347814917564392,0.5264193415641785,0.7848670482635498,0.9526488184928894,0.5610476136207581,0.7144178152084351,0.9976817965507507,0.4780353605747223,0.6707277297973633,0.30563071370124817,0.5227999091148376,0.775823712348938,0.40311920642852783
599,19.966666666666665,1,left,39.766477783452146,39.766477783452146,,0.5692503452301025,0.7109864950180054,0.9987006187438965,0.4821379780769348,0.6587932705879211,0.9344587326049805,0.5262442231178284,0.7847010493278503,0.9517313241958618,0.5608327984809875,0.7160295248031616,0.9976938366889954,0.4779730439186096,0.6707192659378052,0.3017760217189789,0.5227946043014526,0.775837779045105,0.39989393949508667
600,20.0,1,left,39.73943223873538,39.73943223873538,,0.5694993734359741,0.7115221619606018,0.9987172484397888,0.4823005199432373,0.6592668890953064,0.9358386397361755,0.5262316465377808,0.7845199108123779,0.9518269896507263,0.5602630972862244,0.7162119150161743,0.9977465867996216,0.4779731333255768,0.6704803705215454,0.305401474237442,0.5227460861206055,0.7760509848594666,0.4086360037326813
601,20.033333333333335,1,left,39.1602564038571,39.1602564038571,,0.5695213079452515,0.712951123714447,0.998723030090332,0.48233628273010254,0.6594864726066589,0.9362202286720276,0.5261752009391785,0.7845183610916138,0.9514213800430298,0.5601738691329956,0.7166908383369446,0.9977747797966003,0.47795963287353516,0.6688832640647888,0.3048481047153473,0.5227400064468384,0.7760858535766602,0.4124370515346527
602,20.066666666666666,1,left,39.1012887670701,39.1012887670701,,0.569603681564331,0.7131918668746948,0.9986996054649353,0.48244529962539673,0.6595944762229919,0.9369621276855469,0.5261608958244324,0.7843596935272217,0.9508960247039795,0.5601285696029663,0.7169134616851807,0.9977660179138184,0.4780026376247406,0.6688849329948425,0.3071509301662445,0.5227988362312317,0.7760964632034302,0.4178970456123352
603,20.1,1,left,38.81712995352481,38.81712995352481,,0.5697652697563171,0.7139676213264465,0.9987104535102844,0.48254328966140747,0.6596493124961853,0.9378279447555542,0.5261217951774597,0.784299910068512,0.9509233236312866,0.5599828958511353,0.717840313911438,0.9978103637695312,0.4780042767524719,0.6688957214355469,0.3092798590660095,0.5229209065437317,0.7760963439941406,0.4236619770526886
604,20.133333333333333,1,left,38.583479620886315,38.583479620886315,,0.5697658658027649,0.7144407629966736,0.9987003207206726,0.4825175702571869,0.6596783995628357,0.9383602142333984,0.5261210799217224,0.784179151058197,0.9502539038658142,0.5599769353866577,0.7189279794692993,0.9978147149085999,0.47804027795791626,0.6689528226852417,0.30881237983703613,0.5229557752609253,0.7762441039085388,0.42614415287971497
605,20.166666666666668,1,left,38.358608750608624,38.358608750608624,,0.569770872592926,0.7148672938346863,0.9987212419509888,0.4825117588043213,0.6596776843070984,0.9394134879112244,0.5261215567588806,0.7840068340301514,0.9499793648719788,0.5599473118782043,0.7202381491661072,0.9978605508804321,0.4780736565589905,0.6690565943717957,0.3092741370201111,0.5229575037956238,0.776253879070282,0.4302704930305481
606,20.2,1,left,38.01602208852967,38.01602208852967,,0.5697599649429321,0.7151614427566528,0.9987345337867737,0.4824720323085785,0.6590986847877502,0.9406338334083557,0.5261222720146179,0.7839369177818298,0.9500913023948669,0.5599421858787537,0.720973551273346,0.9978889226913452,0.4781520366668701,0.6692309975624084,0.31031107902526855,0.5229594707489014,0.7763344645500183,0.43488606810569763
607,20.233333333333334,1,left,37.76622466787695,37.76622466787695,,0.5697575211524963,0.7153507471084595,0.9987418055534363,0.48243698477745056,0.6586176156997681,0.9415068626403809,0.5260925889015198,0.7838278412818909,0.9504154324531555,0.55987548828125,0.7216848731040955,0.9978959560394287,0.4781618118286133,0.6699678897857666,0.3103407621383667,0.5229523181915283,0.7764937281608582,0.43855902552604675
608,20.266666666666666,1,left,37.65006432163699,37.76622466787695,,0.5697552561759949,0.7156153917312622,0.9987443685531616,0.4824848771095276,0.6584640741348267,0.9423505067825317,0.5259138345718384,0.783666729927063,0.9505216479301453,0.5597904920578003,0.7221810221672058,0.9979013204574585,0.47820574045181274,0.6707038283348083,0.31172677874565125,0.5228325128555298,0.7765534520149231,0.44401031732559204
609,20.3,1,left,37.733632570488915,37.76622466787695,,0.5698791742324829,0.7156130075454712,0.9987601041793823,0.48282819986343384,0.6584072113037109,0.9436169266700745,0.5258089303970337,0.7835491299629211,0.9510148167610168,0.5594284534454346,0.7223197817802429,0.9979327917098999,0.4782389998435974,0.6713144779205322,0.3159519135951996,0.5227017998695374,0.7765740156173706,0.45222553610801697
610,20.333333333333332,1,left,37.78076677278775,37.78076677278775,,0.5699707865715027,0.7155647277832031,0.9987744092941284,0.48301202058792114,0.6582556366920471,0.9450669884681702,0.5256354212760925,0.7832261323928833,0.9519426822662354,0.5591381788253784,0.722211480140686,0.9979676008224487,0.47823095321655273,0.6717674136161804,0.3218842148780823,0.522586464881897,0.776574969291687,0.46202126145362854
611,20.366666666666667,1,left,37.89510712641204,37.89510712641204,,0.5701279044151306,0.7154844403266907,0.9987854361534119,0.4833018183708191,0.6582492589950562,0.9454753398895264,0.5256316661834717,0.7832191586494446,0.9525166749954224,0.5591290593147278,0.7221456170082092,0.997998833656311,0.4782558083534241,0.6717661619186401,0.3265208303928375,0.5225813984870911,0.7765647172927856,0.46798956394195557
612,20.4,1,left,37.91111496055043,37.91111496055043,,0.5702164173126221,0.7154210209846497,0.9987917542457581,0.48352116346359253,0.65811687707901,0.9460231065750122,0.5256738662719727,0.7831917405128479,0.9530458450317383,0.5590400695800781,0.7220242023468018,0.9980260133743286,0.4782707095146179,0.6717347502708435,0.3278275728225708,0.5226548910140991,0.7765514254570007,0.4717215895652771
613,20.433333333333334,1,left,38.06686501557697,38.03355325427197,,0.5703453421592712,0.7155044078826904,0.9987781047821045,0.48377466201782227,0.6585413813591003,0.9457886815071106,0.5257017612457275,0.783208429813385,0.9529482126235962,0.5591244101524353,0.7214449048042297,0.998018741607666,0.4784754812717438,0.6698571443557739,0.32669055461883545,0.52278071641922,0.7765533328056335,0.4734264016151428
614,20.466666666666665,1,left,38.09418878263427,38.06686501557697,,0.5704205632209778,0.7154772877693176,0.9987853765487671,0.4839523732662201,0.6584360003471375,0.9458373785018921,0.5256936550140381,0.7832324504852295,0.9532762765884399,0.5590944290161133,0.7212198376655579,0.9980467557907104,0.4786190092563629,0.6699610352516174,0.32679203152656555,0.5229259729385376,0.7765790224075317,0.4760502874851227
615,20.5,1,left,38.03355325427197,38.09418878263427,,0.5704985857009888,0.7156553268432617,0.9987801909446716,0.4841920733451843,0.6583927273750305,0.94569331407547,0.5257753133773804,0.7833747863769531,0.9534720778465271,0.5590434670448303,0.7211096286773682,0.998045802116394,0.47869762778282166,0.6696960926055908,0.32765498757362366,0.5229545831680298,0.7765446305274963,0.4773249626159668
616,20.533333333333335,1,left,38.118728015601086,38.118728015601086,,0.57051020860672,0.7154637575149536,0.9987812042236328,0.4843143820762634,0.6583439111709595,0.9462876915931702,0.5257772207260132,0.7833512425422668,0.9544095396995544,0.5590373873710632,0.7210756540298462,0.9980502724647522,0.47873106598854065,0.6697558164596558,0.330451101064682,0.522955596446991,0.7765668034553528,0.4813070297241211
617,20.566666666666666,1,left,38.36357014395221,38.350782161764684,,0.5707780122756958,0.7154884934425354,0.9987627863883972,0.48459357023239136,0.6587873697280884,0.9461921453475952,0.5258346796035767,0.7835230231285095,0.954362154006958,0.559036910533905,0.7206186056137085,0.9980384111404419,0.4787961542606354,0.6695528626441956,0.33136627078056335,0.5230019688606262,0.7765710949897766,0.4827237129211426
618,20.6,1,left,38.350782161764684,38.36357014395221,,0.5708701610565186,0.7155172824859619,0.9987552165985107,0.484760046005249,0.6586688160896301,0.9457793235778809,0.525875985622406,0.7835980653762817,0.9542874097824097,0.5589460730552673,0.7205886244773865,0.9980377554893494,0.47888511419296265,0.6694339513778687,0.3329562544822693,0.5230532884597778,0.7766013741493225,0.48356926441192627
619,20.633333333333333,1,left,38.475319112299424,38.475319112299424,,0.5710365772247314,0.715508222579956,0.9987573027610779,0.4848106801509857,0.6589178442955017,0.9461018443107605,0.5259143114089966,0.783585786819458,0.9545803070068359,0.5590043663978577,0.7205293774604797,0.998053789138794,0.4789339005947113,0.6693999171257019,0.335472971200943,0.5230797529220581,0.7766042351722717,0.4862237274646759
620,20.666666666666668,1,left,38.56837273588747,38.56837273588747,,0.5710772275924683,0.7155036926269531,0.9987267255783081,0.4848090708255768,0.6591141819953918,0.9455736875534058,0.5259080529212952,0.7836715579032898,0.9541928172111511,0.559230625629425,0.7204801440238953,0.9980397820472717,0.47915929555892944,0.669392466545105,0.3339853584766388,0.5232048630714417,0.7766688466072083,0.48442360758781433
621,20.7,1,left,38.58381747923571,38.58381747923571,,0.571078896522522,0.7154552340507507,0.9987142086029053,0.48474210500717163,0.6590070128440857,0.9456472992897034,0.5258241891860962,0.7836731672286987,0.9549519419670105,0.56004798412323,0.7198218703269958,0.9980181455612183,0.47927993535995483,0.6686971783638,0.3313221037387848,0.5231935977935791,0.776703417301178,0.48357832431793213
622,20.733333333333334,1,left,38.749478738676,38.749478738676,,0.571082592010498,0.7149626016616821,0.9986953139305115,0.4846743941307068,0.6588337421417236,0.9459453225135803,0.5258209705352783,0.7836611270904541,0.9553340077400208,0.5602415800094604,0.7191001772880554,0.9979857802391052,0.47944045066833496,0.6688235402107239,0.33267471194267273,0.5232275724411011,0.7768080830574036,0.48447445034980774
623,20.766666666666666,1,left,39.069783627763066,39.069783627763066,,0.5712406635284424,0.7144906520843506,0.9986491203308105,0.4847831130027771,0.6588337421417236,0.9455606341362,0.5258368849754333,0.7840022444725037,0.9557051658630371,0.5604625940322876,0.7171860933303833,0.9979031085968018,0.4797099232673645,0.6686321496963501,0.33146628737449646,0.5233018398284912,0.7768210172653198,0.4811953604221344
624,20.8,1,left,39.505400688997995,39.505400688997995,,0.5713782906532288,0.713485836982727,0.9986262321472168,0.484973669052124,0.6587592959403992,0.9444407224655151,0.5260228514671326,0.7840129137039185,0.9552991986274719,0.5606291890144348,0.7160727381706238,0.997848629951477,0.4797256588935852,0.6685428619384766,0.326994925737381,0.5235509872436523,0.7764851450920105,0.4728134870529175
625,20.833333333333332,1,left,40.26734273627059,40.26734273627059,,0.5714499354362488,0.7125009298324585,0.9985938668251038,0.48502078652381897,0.6596069931983948,0.9439071416854858,0.5262731313705444,0.784588634967804,0.9554483294487,0.5608797669410706,0.7150457501411438,0.99776691198349,0.479621946811676,0.6686898469924927,0.32444891333580017,0.5236889123916626,0.7763843536376953,0.4682941436767578
626,20.866666666666667,1,left,40.42614009727089,40.42614009727089,,0.5715422630310059,0.7119410634040833,0.9985713362693787,0.4850212037563324,0.6594301462173462,0.9429084062576294,0.5265514254570007,0.7848614454269409,0.9555237889289856,0.5610516667366028,0.7142022252082825,0.9977095127105713,0.4797362685203552,0.6685956716537476,0.31908461451530457,0.5237847566604614,0.7759539484977722,0.46012499928474426
627,20.9,1,left,42.36507281469299,42.36507281469299,,0.5715838670730591,0.7083868384361267,0.9985774159431458,0.4850367605686188,0.659958004951477,0.9427046179771423,0.5266810655593872,0.785108745098114,0.955373227596283,0.5611044764518738,0.7126458883285522,0.997719943523407,0.4797528386116028,0.6688156127929688,0.3194703757762909,0.5237869620323181,0.7759402990341187,0.45705726742744446
628,20.933333333333334,1,left,42.47483449534336,42.47483449534336,,0.5716500878334045,0.7081654667854309,0.9985693097114563,0.48475170135498047,0.6601361036300659,0.9423317909240723,0.5267559289932251,0.7849821448326111,0.9550045728683472,0.561256468296051,0.7123593091964722,0.9977219104766846,0.47936850786209106,0.6686763763427734,0.3175334930419922,0.5237575769424438,0.7754353284835815,0.4535863399505615
629,20.966666666666665,1,left,45.30105006192087,43.9511855310288,,0.5716657638549805,0.7029033303260803,0.9985519647598267,0.4846697449684143,0.6605188846588135,0.9415032863616943,0.5268598198890686,0.7849951386451721,0.954962968826294,0.5620176792144775,0.70702064037323,0.9976748824119568,0.47961491346359253,0.6692533493041992,0.31801921129226685,0.523849368095398,0.7754352688789368,0.44792187213897705
630,21.0,1,left,43.9511855310288,45.30105006192087,,0.5717394948005676,0.7025706768035889,0.9984935522079468,0.48501938581466675,0.6565185189247131,0.9409313797950745,0.5266729593276978,0.7841194272041321,0.9557005763053894,0.564652144908905,0.7077587246894836,0.9975820183753967,0.47964319586753845,0.6694411635398865,0.31009727716445923,0.5236558318138123,0.7758459448814392,0.438576340675354
631,21.033333333333335,1,left,45.84526095472275,45.84526095472275,,0.5718235373497009,0.6988461017608643,0.9984294176101685,0.48416224122047424,0.6565767526626587,0.9388353824615479,0.5266247391700745,0.7841355204582214,0.9557483792304993,0.5660235285758972,0.7025917172431946,0.9974845051765442,0.47976383566856384,0.6690395474433899,0.3055412471294403,0.5240285992622375,0.7758597731590271,0.431488037109375
632,21.066666666666666,1,left,47.91387028081591,47.91387028081591,,0.5726495385169983,0.6956647038459778,0.998460054397583,0.48648643493652344,0.6557949781417847,0.938289999961853,0.5261847972869873,0.7836050391197205,0.9554747343063354,0.5658372044563293,0.7028360962867737,0.9975026249885559,0.4796413779258728,0.669304609298706,0.3093615472316742,0.5238732099533081,0.7761247754096985,0.4287710189819336
633,21.1,1,left,50.82958525458894,50.82958525458894,,0.572933554649353,0.688937783241272,0.9984480738639832,0.4866012930870056,0.6535335779190063,0.9369329810142517,0.526274561882019,0.7843413949012756,0.9559130072593689,0.5651572346687317,0.6981043219566345,0.9973998069763184,0.47931164503097534,0.6693645119667053,0.30996134877204895,0.5238049626350403,0.7768352031707764,0.42376279830932617
634,21.133333333333333,1,left,52.28085980311357,52.28085980311357,,0.5733557939529419,0.6866552233695984,0.9985014796257019,0.48742547631263733,0.653386652469635,0.9378036260604858,0.5262814164161682,0.7841024398803711,0.9575080275535583,0.565108060836792,0.6959800124168396,0.9974353909492493,0.47908633947372437,0.6696593761444092,0.31854385137557983,0.523310124874115,0.7754365801811218,0.42965880036354065
635,21.166666666666668,1,left,58.34242784161341,58.34242784161341,,0.5735043287277222,0.6763603091239929,0.9985937476158142,0.488654226064682,0.6526210308074951,0.938683271408081,0.5264112949371338,0.7840611934661865,0.9590681791305542,0.5639619827270508,0.6899975538253784,0.9975475072860718,0.4781852662563324,0.670390248298645,0.3350606858730316,0.5223326683044434,0.7750294804573059,0.43727830052375793
636,21.2,1,left,59.27411679403071,59.27411679403071,,0.5739148259162903,0.6749350428581238,0.998681902885437,0.4871748089790344,0.6531866788864136,0.9407394528388977,0.5264325737953186,0.7844535708427429,0.960961639881134,0.563595712184906,0.6872519254684448,0.9976470470428467,0.4782032370567322,0.6698017120361328,0.34486663341522217,0.5205275416374207,0.7748072743415833,0.44505491852760315
637,21.233333333333334,1,left,65.58523872231963,65.46873080244409,,0.5746663808822632,0.6657542586326599,0.9987509250640869,0.48714756965637207,0.6539534330368042,0.9420185685157776,0.5265297889709473,0.78492671251297,0.9624642729759216,0.5624096989631653,0.6764616370201111,0.9977268576622009,0.4779134690761566,0.6694422364234924,0.36585795879364014,0.5192675590515137,0.77283775806427,0.454134464263916
638,21.266666666666666,1,left,65.46873080244409,65.58523872231963,,0.5741754770278931,0.6662645936012268,0.9988518953323364,0.4856102466583252,0.6555644869804382,0.9447219371795654,0.5276092290878296,0.78762286901474,0.9644649028778076,0.5611554980278015,0.6751302480697632,0.9978761672973633,0.47792258858680725,0.6683024764060974,0.38174915313720703,0.5187126398086548,0.7715091109275818,0.4626772701740265
639,21.3,1,left,70.71246906877028,70.71246906877028,,0.5738226771354675,0.6581828594207764,0.9989176988601685,0.4841751158237457,0.6567268371582031,0.9476308822631836,0.5276037454605103,0.7876057028770447,0.966472864151001,0.5602526068687439,0.6648575067520142,0.9979667067527771,0.47784915566444397,0.6676887273788452,0.3995979428291321,0.5188632607460022,0.7724047899246216,0.47737443447113037
640,21.333333333333332,1,left,73.92077816397294,73.92077816397294,,0.5727168321609497,0.6562404036521912,0.9990053772926331,0.4835940897464752,0.6610299348831177,0.9501736760139465,0.5274426341056824,0.7872622013092041,0.9681470394134521,0.5600680112838745,0.6642946004867554,0.9981148838996887,0.4785865247249603,0.6672770977020264,0.41366538405418396,0.5180783271789551,0.769153892993927,0.48807045817375183
641,21.366666666666667,1,left,79.64395813110305,79.64395813110305,,0.5724253058433533,0.6465271711349487,0.9990614652633667,0.4830024838447571,0.6609227657318115,0.9525013566017151,0.5277048349380493,0.7871495485305786,0.9697632193565369,0.5592423677444458,0.6567586660385132,0.9982238411903381,0.4785988926887512,0.6670837998390198,0.4269995391368866,0.5186666250228882,0.7729476094245911,0.4952511787414551
642,21.4,1,left,80.5443157680501,80.5443157680501,,0.5720275640487671,0.6449295282363892,0.9991358518600464,0.4830428957939148,0.6608420014381409,0.9547068476676941,0.527986466884613,0.7870979309082031,0.9713486433029175,0.5585950016975403,0.6545780301094055,0.9983611702919006,0.4795835614204407,0.6670923829078674,0.4367014467716217,0.5200851559638977,0.7746188044548035,0.5007465481758118
643,21.433333333333334,1,left,86.39639084720463,86.39639084720463,,0.5717244148254395,0.6351731419563293,0.9992064237594604,0.4828408360481262,0.6608138680458069,0.9575592279434204,0.5279468297958374,0.786823570728302,0.9732785224914551,0.5586594343185425,0.6464468240737915,0.9984906911849976,0.48028403520584106,0.6665473580360413,0.4545639455318451,0.5213680863380432,0.7765147686004639,0.5117650628089905
644,21.466666666666665,1,left,88.55373815846026,88.55373815846026,,0.5705342292785645,0.6321588754653931,0.9992549419403076,0.4826883375644684,0.6613636612892151,0.959621012210846,0.5279419422149658,0.7868137359619141,0.9746957421302795,0.558732271194458,0.6426162719726562,0.998590350151062,0.480555921792984,0.668682873249054,0.46387550234794617,0.5219539999961853,0.7774582505226135,0.5151808261871338
645,21.5,1,left,94.10712204770324,94.10712204770324,,0.5699399709701538,0.62246173620224,0.9993032217025757,0.48282289505004883,0.6612331867218018,0.9616501927375793,0.528373122215271,0.7871719002723694,0.9761569499969482,0.5587188005447388,0.6332391500473022,0.998683512210846,0.480560302734375,0.6694322228431702,0.4758400022983551,0.5224099159240723,0.7783573269844055,0.5222366452217102
646,21.533333333333335,1,left,95.93577169551824,95.93577169551824,,0.5685778260231018,0.6205031871795654,0.999343752861023,0.4828348159790039,0.6623215079307556,0.9626927971839905,0.528540849685669,0.7874660491943359,0.976801335811615,0.557369589805603,0.6302247643470764,0.9987661838531494,0.48055094480514526,0.669430136680603,0.48039668798446655,0.5227506160736084,0.7786659598350525,0.521083414554596
647,21.566666666666666,1,left,100.2778676476089,100.2778676476089,,0.5674065947532654,0.6124476790428162,0.9993888735771179,0.48260027170181274,0.6623796224594116,0.9642637372016907,0.5286428928375244,0.7874477505683899,0.9780369400978088,0.5570797920227051,0.619625985622406,0.9988484978675842,0.48061466217041016,0.6683638095855713,0.48722347617149353,0.5225697755813599,0.7785826921463013,0.5291274189949036
648,21.6,1,left,100.8290423560619,100.8290423560619,,0.5667964816093445,0.6113313436508179,0.9994326233863831,0.4826170802116394,0.6623266935348511,0.9659056663513184,0.5290873646736145,0.7874273657798767,0.9791386723518372,0.5561844706535339,0.619068443775177,0.9989284873008728,0.48019155859947205,0.6672912836074829,0.4903358817100525,0.5215907692909241,0.7785178422927856,0.5333210229873657
649,21.633333333333333,1,left,106.51515001065106,106.51515001065106,,0.566123366355896,0.6020030975341797,0.9994794726371765,0.4843086302280426,0.6622849106788635,0.9671377539634705,0.5295771360397339,0.7875565886497498,0.9802923798561096,0.5530875325202942,0.6092296838760376,0.9990110993385315,0.4804609715938568,0.6661895513534546,0.5008901357650757,0.5199897885322571,0.7784773111343384,0.5471742749214172
650,21.666666666666668,1,left,107.75466759221631,107.75466759221631,,0.5656841993331909,0.6000286340713501,0.9995151162147522,0.48464933037757874,0.6620948910713196,0.9678372144699097,0.5295772552490234,0.787611186504364,0.9807882905006409,0.5531282424926758,0.6075884103775024,0.9990743398666382,0.48050346970558167,0.6651009917259216,0.49746954441070557,0.5195084810256958,0.7762613296508789,0.5447782874107361
651,21.7,1,left,112.29621162537322,112.29621162537322,,0.5649152994155884,0.5916435718536377,0.9995532631874084,0.4856932759284973,0.661880612373352,0.9688569903373718,0.5296351313591003,0.7876155972480774,0.981395959854126,0.5506619215011597,0.5974755883216858,0.9991456270217896,0.4809595048427582,0.662163496017456,0.49391835927963257,0.5195430517196655,0.7748711109161377,0.5428864359855652
652,21.733333333333334,1,left,114.28654395603982,114.28654395603982,,0.5642811059951782,0.5876795649528503,0.9995826482772827,0.4862648546695709,0.660960853099823,0.9694329500198364,0.5296589732170105,0.7875537872314453,0.9815967679023743,0.5508625507354736,0.5964688062667847,0.9991987943649292,0.48127612471580505,0.6619065999984741,0.4884265065193176,0.5195505619049072,0.7743967175483704,0.5377481579780579
653,21.766666666666666,1,left,118.81321316748966,118.81321316748966,,0.5617448687553406,0.5790244936943054,0.9996122121810913,0.4873308539390564,0.6595486402511597,0.9701388478279114,0.5300230383872986,0.7875493764877319,0.9815036058425903,0.5486639142036438,0.5861659646034241,0.9992526173591614,0.48219752311706543,0.6601532101631165,0.4767107367515564,0.5186797976493835,0.7743527889251709,0.5282942652702332
654,21.8,1,left,120.03490076419828,120.03490076419828,,0.5609099864959717,0.5763474106788635,0.9996206164360046,0.4880414605140686,0.657763659954071,0.9695042371749878,0.5297940969467163,0.7852334380149841,0.9806530475616455,0.5483571887016296,0.5857982635498047,0.9992702603340149,0.4837161600589752,0.6602274775505066,0.4712101221084595,0.520964503288269,0.7749727368354797,0.523848295211792
655,21.833333333333332,1,left,125.71838211577365,125.71838211577365,,0.558384895324707,0.5669517517089844,0.9996371269226074,0.4901356101036072,0.6573073267936707,0.9687984585762024,0.5297850966453552,0.7852647304534912,0.9802989959716797,0.5456939935684204,0.5751402974128723,0.9992939829826355,0.4863448143005371,0.6588963270187378,0.46251189708709717,0.5221179127693176,0.7750510573387146,0.5214699506759644
656,21.866666666666667,1,left,127.06113556879228,127.06113556879228,,0.5573557615280151,0.5664093494415283,0.999654233455658,0.49178966879844666,0.6539257764816284,0.9688877463340759,0.5298565626144409,0.785821795463562,0.9796673059463501,0.544329822063446,0.5768752694129944,0.999326765537262,0.48779016733169556,0.6590169668197632,0.4599609673023224,0.5244874954223633,0.7824727892875671,0.5254934430122375
657,21.9,1,left,133.71647594330267,133.71647594330267,,0.5549859404563904,0.5562673807144165,0.9996793866157532,0.4954872727394104,0.6519373655319214,0.9690335988998413,0.5299264192581177,0.786016583442688,0.9774900078773499,0.5402718782424927,0.5664089322090149,0.9993799328804016,0.4913206994533539,0.6584126949310303,0.45386072993278503,0.5258728265762329,0.7833086848258972,0.5239105820655823
658,21.933333333333334,1,left,136.81227040417275,136.81227040417275,,0.5533350706100464,0.5552940368652344,0.9996984004974365,0.4982197880744934,0.6515572667121887,0.9697820544242859,0.5302159190177917,0.7859197854995728,0.9767876267433167,0.538232684135437,0.5684778690338135,0.9994150996208191,0.4922688901424408,0.6586377620697021,0.4630300998687744,0.5261303186416626,0.7859344482421875,0.5378745198249817
659,21.966666666666665,1,left,141.13357299892814,141.13357299892814,,0.5521126985549927,0.5439951419830322,0.9997155666351318,0.5003955364227295,0.6492736339569092,0.9701700806617737,0.5312039852142334,0.785934329032898,0.9747869372367859,0.5392941236495972,0.5545646548271179,0.9994500875473022,0.49588409066200256,0.6572500467300415,0.4569350481033325,0.5277242064476013,0.7853908538818359,0.5368576645851135
660,22.0,1,left,142.66770111392032,142.66770111392032,,0.5505872368812561,0.5450459718704224,0.9997300505638123,0.50166255235672,0.6498345136642456,0.9708412289619446,0.5313416719436646,0.7858991622924805,0.9736118316650391,0.5351067781448364,0.5560077428817749,0.9994823336601257,0.49770984053611755,0.6579812169075012,0.45256713032722473,0.5283685922622681,0.7857637405395508,0.535444974899292
661,22.033333333333335,1,left,146.83613498704926,146.83613498704926,,0.5482725501060486,0.5364599227905273,0.9997459053993225,0.5034978985786438,0.6498748064041138,0.9707481861114502,0.5314934253692627,0.7860118746757507,0.9710489511489868,0.535611629486084,0.5467548370361328,0.9995120763778687,0.5029928088188171,0.6579751372337341,0.4456755816936493,0.529461681842804,0.7853592038154602,0.5322527885437012
662,22.066666666666666,1,left,147.96533242102979,147.96533242102979,,0.5463337302207947,0.5367242097854614,0.999756932258606,0.5039287209510803,0.6496174335479736,0.9702836871147156,0.5315476655960083,0.7860089540481567,0.9686599373817444,0.5330803990364075,0.5455856919288635,0.9995324015617371,0.5036070942878723,0.6579734683036804,0.4405817687511444,0.5299747586250305,0.785064697265625,0.5297698378562927
663,22.1,1,left,152.8524287380484,152.8524287380484,,0.5437976121902466,0.5298168063163757,0.9997643232345581,0.5077385902404785,0.6432767510414124,0.9714056849479675,0.5315417051315308,0.7852650880813599,0.9680836200714111,0.5283817648887634,0.539723813533783,0.9995414614677429,0.5073860883712769,0.6553766131401062,0.45479995012283325,0.5296146869659424,0.7856809496879578,0.5410600900650024
664,22.133333333333333,1,left,155.89159540270168,155.89159540270168,,0.540553629398346,0.5281932950019836,0.9997580051422119,0.5093070864677429,0.6435489058494568,0.9712863564491272,0.5316236615180969,0.7852134108543396,0.9665523767471313,0.5294137001037598,0.5371043086051941,0.9995163083076477,0.5101780891418457,0.6536416411399841,0.45963189005851746,0.5302107334136963,0.7855855226516724,0.549167811870575
665,22.166666666666668,1,left,158.01553358364072,158.01553358364072,,0.5378990173339844,0.5231388807296753,0.9997647404670715,0.5099235773086548,0.6414844393730164,0.9719611406326294,0.5314933657646179,0.7826976776123047,0.965469241142273,0.5292011499404907,0.5334689021110535,0.9995226860046387,0.514526903629303,0.6516479849815369,0.4678068459033966,0.5311894416809082,0.7855276465415955,0.5573492050170898
666,22.2,1,left,159.70608650213012,159.70608650213012,,0.5357838869094849,0.520253598690033,0.999760091304779,0.5104548335075378,0.6403465867042542,0.9717206358909607,0.5313894748687744,0.7823885083198547,0.9642635583877563,0.5271755456924438,0.5319008231163025,0.999494194984436,0.5144364237785339,0.6514408588409424,0.4756423234939575,0.5312480330467224,0.7853987216949463,0.5652636885643005
667,22.233333333333334,1,left,163.78690441846396,163.78690441846396,,0.532098114490509,0.514784574508667,0.9997618198394775,0.5127066373825073,0.6402961611747742,0.9674496650695801,0.5312455892562866,0.7824482321739197,0.9578021168708801,0.5277760624885559,0.5265896916389465,0.9994789958000183,0.5178084373474121,0.650557816028595,0.47223639488220215,0.5314832925796509,0.7852791547775269,0.5540807843208313
668,22.266666666666666,1,left,164.91875977477466,164.91875977477466,,0.5323089361190796,0.5162197947502136,0.9997734427452087,0.5142463445663452,0.6399856209754944,0.9664571285247803,0.5312095284461975,0.7827088832855225,0.9565801620483398,0.5270039439201355,0.5269088745117188,0.9994869232177734,0.518580436706543,0.6483252048492432,0.47073009610176086,0.5313205122947693,0.7852401733398438,0.5506308078765869
669,22.3,1,left,168.74268993618682,168.74268993618682,,0.5280775427818298,0.514792263507843,0.9997640252113342,0.516382098197937,0.6404022574424744,0.9615183472633362,0.53117835521698,0.7826626896858215,0.951094925403595,0.5273255109786987,0.5248172283172607,0.9994255304336548,0.521419882774353,0.6483837366104126,0.465360164642334,0.53155916929245,0.785186767578125,0.5432212948799133
670,22.333333333333332,1,left,169.44663358512645,169.44663358512645,,0.5271188020706177,0.5154407620429993,0.999765157699585,0.5166718363761902,0.6404998898506165,0.9575283527374268,0.5310615301132202,0.7827023863792419,0.9475293755531311,0.5273961424827576,0.5255993008613586,0.9993828535079956,0.5226877331733704,0.6475371718406677,0.4560454785823822,0.5315028429031372,0.7848511338233948,0.5320243239402771
671,22.366666666666667,1,left,170.92063653481364,170.92063653481364,,0.5242084860801697,0.5161166787147522,0.9997539520263672,0.5168876647949219,0.6406590938568115,0.9517785906791687,0.5310938358306885,0.7826033234596252,0.9429470896720886,0.5276762247085571,0.5261121392250061,0.9993100166320801,0.5248664617538452,0.647612452507019,0.4556622803211212,0.53180330991745,0.7848178148269653,0.5305085182189941
672,22.4,1,left,171.54716250197907,171.54716250197907,,0.5244302749633789,0.5165820121765137,0.9997344017028809,0.5178061723709106,0.6407968997955322,0.9442476630210876,0.531197190284729,0.782451868057251,0.9386109709739685,0.5275048613548279,0.5269441604614258,0.9992131590843201,0.5249156355857849,0.6478208899497986,0.44991403818130493,0.5318955779075623,0.7844328284263611,0.5263962149620056
673,22.433333333333334,1,left,172.44246685377553,172.44246685377553,,0.522942841053009,0.5163195133209229,0.9997486472129822,0.5181580781936646,0.6408807635307312,0.942368745803833,0.5314128398895264,0.7822147011756897,0.9378756284713745,0.5270264744758606,0.5276544690132141,0.9992288947105408,0.5249387621879578,0.647922933101654,0.4474599361419678,0.5321319103240967,0.7842742800712585,0.5211349725723267
674,22.466666666666665,1,left,172.70629771580622,172.70629771580622,,0.5238621830940247,0.5164940357208252,0.9997643232345581,0.5189853310585022,0.6409695148468018,0.943103551864624,0.5314110517501831,0.781581461429596,0.9387916922569275,0.5243384838104248,0.5282553434371948,0.9992707371711731,0.5241233110427856,0.6480057835578918,0.45537981390953064,0.5320849418640137,0.7841936349868774,0.5274063348770142
675,22.5,1,left,173.16300452818373,173.16300452818373,,0.5235671401023865,0.5169820785522461,0.9997699856758118,0.5195567607879639,0.6412485241889954,0.9406891465187073,0.5318077206611633,0.781600296497345,0.936989426612854,0.5227420926094055,0.5287281274795532,0.9992787837982178,0.5237892270088196,0.6486765146255493,0.44980236887931824,0.5323346853256226,0.7843453884124756,0.522039532661438
676,22.533333333333335,1,left,173.6239200043458,173.6239200043458,,0.5228726863861084,0.51735919713974,0.9997604489326477,0.5196287035942078,0.6429775357246399,0.9395151138305664,0.531505823135376,0.7816092371940613,0.9364407658576965,0.5223641395568848,0.5289947390556335,0.9992349743843079,0.5235736966133118,0.6500898003578186,0.44846582412719727,0.5322331190109253,0.7844829559326172,0.5198240876197815
677,22.566666666666666,1,left,173.98680241431452,173.98680241431452,,0.5230628252029419,0.5174666047096252,0.9997574687004089,0.5201141238212585,0.6438146829605103,0.9379751682281494,0.531385064125061,0.7816044092178345,0.9360078573226929,0.5204561948776245,0.5292011499404907,0.9992356300354004,0.5234211683273315,0.6503328084945679,0.44427159428596497,0.532209038734436,0.7844262719154358,0.5188887715339661
678,22.6,1,left,174.35631255285486,174.35631255285486,,0.523496150970459,0.5176625847816467,0.9997594952583313,0.5207184553146362,0.6442644596099854,0.9368712306022644,0.5312551259994507,0.7816144824028015,0.9357620477676392,0.5194438099861145,0.5296191573143005,0.9992579221725464,0.5234333276748657,0.6518750786781311,0.4444469213485718,0.531802773475647,0.7845855355262756,0.5204803347587585
679,22.633333333333333,1,left,174.43362020688141,174.43362020688141,,0.5236746072769165,0.5180471539497375,0.9997689127922058,0.5208898782730103,0.6444188952445984,0.9377514123916626,0.5312181711196899,0.7816522121429443,0.9370302557945251,0.5179272294044495,0.5305009484291077,0.9992978572845459,0.5233688354492188,0.6524220108985901,0.44476571679115295,0.5313255190849304,0.7845873236656189,0.5260835289955139
680,22.666666666666668,1,left,174.48647631751888,174.4789685828747,,0.5237565040588379,0.5181757807731628,0.9997754693031311,0.5209784507751465,0.6441466212272644,0.9386247396469116,0.5311764478683472,0.781371533870697,0.9378805160522461,0.5162872076034546,0.5307583808898926,0.9993276000022888,0.5233373045921326,0.6524220108985901,0.4479236900806427,0.5309716463088989,0.7838509678840637,0.5299090147018433
681,22.7,1,left,174.5037408689292,174.4789685828747,,0.523531436920166,0.5187031030654907,0.9997590780258179,0.520858645439148,0.6442579030990601,0.93397456407547,0.5311731100082397,0.7821847796440125,0.9344663619995117,0.5159088373184204,0.5309770703315735,0.9992752075195312,0.5225930213928223,0.6530820727348328,0.43709295988082886,0.5308862924575806,0.7839528322219849,0.5196500420570374
682,22.733333333333334,1,left,174.4789685828747,174.4789685828747,,0.5236172676086426,0.51872718334198,0.9997663497924805,0.5209027528762817,0.6442579030990601,0.9349818229675293,0.531233012676239,0.782217800617218,0.9357360005378723,0.5149495601654053,0.5311571955680847,0.9992929100990295,0.5224597454071045,0.6532091498374939,0.44283851981163025,0.5308765172958374,0.7837733626365662,0.5258828997612
683,22.766666666666666,1,left,174.45138809445137,174.4697809679011,,0.5236183404922485,0.5191338658332825,0.9997450709342957,0.5208746194839478,0.64543217420578,0.932042121887207,0.5312278270721436,0.7829935550689697,0.9331365823745728,0.5153679847717285,0.5314185619354248,0.9992145895957947,0.5220328569412231,0.6548318862915039,0.43106144666671753,0.5308675765991211,0.7838358283042908,0.513983428478241
684,22.8,1,left,174.4697809679011,174.45138809445137,,0.5233947038650513,0.5194507241249084,0.9997464418411255,0.520814061164856,0.6458391547203064,0.9326339960098267,0.5312715172767639,0.7829819917678833,0.9344803094863892,0.5157384872436523,0.5316191911697388,0.9992256164550781,0.5219996571540833,0.6549200415611267,0.42724859714508057,0.5308626294136047,0.7837497591972351,0.5144071578979492
685,22.833333333333332,1,left,174.43924373648616,174.43924373648616,,0.5234010219573975,0.5195331573486328,0.9997541308403015,0.5208008885383606,0.6455149054527283,0.9348441362380981,0.531338095664978,0.7831364274024963,0.9366579651832581,0.5156427621841431,0.5316224098205566,0.999244749546051,0.5218278169631958,0.6544420123100281,0.4326706528663635,0.5308477878570557,0.7835394144058228,0.5195317268371582
686,22.866666666666667,1,left,174.33799243535387,174.33799243535387,,0.5234026908874512,0.5198286771774292,0.999757707118988,0.5207526683807373,0.6456280946731567,0.9357912540435791,0.5315189957618713,0.7838077545166016,0.9384451508522034,0.5158184170722961,0.5317631363868713,0.999245822429657,0.521461009979248,0.6543576121330261,0.43487054109573364,0.530853807926178,0.7835273742675781,0.5237926244735718
687,22.9,1,left,174.26550493411287,174.26550493411287,,0.523414671421051,0.5204207897186279,0.9997620582580566,0.5207147002220154,0.6457327604293823,0.9368648529052734,0.5316165089607239,0.7842474579811096,0.9400021433830261,0.515910267829895,0.5319364666938782,0.9992560744285583,0.521438479423523,0.654345691204071,0.4378024637699127,0.5308531522750854,0.7834017872810364,0.5270839333534241
688,22.933333333333334,1,left,174.21842925573742,174.21842925573742,,0.5234353542327881,0.5208365321159363,0.9997671842575073,0.520685076713562,0.6459085941314697,0.9379584193229675,0.5316353440284729,0.7843693494796753,0.9417867064476013,0.5156983137130737,0.5319477319717407,0.9992796182632446,0.5213688015937805,0.6543313264846802,0.44412505626678467,0.5307121276855469,0.783305823802948,0.535223662853241
689,22.966666666666665,1,left,174.08024155168332,174.08024155168332,,0.523673415184021,0.5222388505935669,0.9997629523277283,0.5206947326660156,0.646591305732727,0.937269926071167,0.5317196249961853,0.7852039933204651,0.9429891109466553,0.5157428979873657,0.5325550436973572,0.9992703795433044,0.5213490724563599,0.6543802618980408,0.4454176127910614,0.5307241678237915,0.7834118008613586,0.5408340692520142
690,23.0,1,left,174.00435796616048,174.00435796616048,,0.5237748026847839,0.5222423076629639,0.9997634291648865,0.5206714868545532,0.6465415358543396,0.9373604655265808,0.5317155718803406,0.7848494052886963,0.9435760378837585,0.5157060623168945,0.532568633556366,0.9992684125900269,0.5211858749389648,0.6543444991111755,0.4454818665981293,0.5307096242904663,0.783086895942688,0.5432595610618591
691,23.033333333333335,1,left,173.8128892995799,173.8128892995799,,0.5240922570228577,0.5227652192115784,0.9997600317001343,0.5206561088562012,0.6465534567832947,0.9376118779182434,0.5317720770835876,0.7847998738288879,0.9449848532676697,0.515817403793335,0.5328535437583923,0.9992530941963196,0.5211867690086365,0.6543371677398682,0.4467879831790924,0.5307300686836243,0.7829650640487671,0.5480736494064331
692,23.066666666666666,1,left,173.7649625899156,173.7649625899156,,0.524162769317627,0.5227693319320679,0.9997602105140686,0.5206438302993774,0.6465324759483337,0.9376795887947083,0.5317524671554565,0.784407377243042,0.9449175000190735,0.5158439874649048,0.5328644514083862,0.9992434978485107,0.5211271643638611,0.6542941927909851,0.44622889161109924,0.5307286977767944,0.7829566597938538,0.548210084438324
693,23.1,1,left,173.46247864957462,173.46247864957462,,0.524666428565979,0.5227813124656677,0.9997628927230835,0.5206226110458374,0.6463488340377808,0.938626766204834,0.5318711996078491,0.7842540144920349,0.9459725022315979,0.5159480571746826,0.5328443050384521,0.9992448091506958,0.5211184620857239,0.6542291045188904,0.4473045766353607,0.5308834314346313,0.7829076647758484,0.5501676797866821
694,23.133333333333333,1,left,173.28067281578257,173.28067281578257,,0.5252094864845276,0.5227813124656677,0.999758780002594,0.5207204818725586,0.6461400389671326,0.9380270838737488,0.5318890810012817,0.7838920950889587,0.945984959602356,0.5162339210510254,0.5330266356468201,0.9992252588272095,0.521107017993927,0.6542013883590698,0.4468345046043396,0.5308784246444702,0.7828985452651978,0.5507165789604187
695,23.166666666666668,1,left,173.13445151416485,173.13445151416485,,0.525560736656189,0.5233659148216248,0.9997612237930298,0.5207666158676147,0.6465911865234375,0.9381043910980225,0.5319005250930786,0.7838470339775085,0.9455128908157349,0.5176841020584106,0.5336731672286987,0.9992181658744812,0.5210974216461182,0.6543856859207153,0.4393475651741028,0.5307995676994324,0.7828748822212219,0.542556881904602
696,23.2,1,left,172.9648698661998,172.9648698661998,,0.5255613923072815,0.5233018398284912,0.999762773513794,0.5205200910568237,0.6467593908309937,0.937106728553772,0.5317848920822144,0.7838696837425232,0.9436199069023132,0.519250750541687,0.5336658358573914,0.9992167353630066,0.5215576887130737,0.6545656323432922,0.4310007095336914,0.5308091044425964,0.783760130405426,0.5314298868179321
697,23.233333333333334,1,left,172.47559599052303,172.47559599052303,,0.5258134007453918,0.5225986838340759,0.9997427463531494,0.5201470851898193,0.6463644504547119,0.9322621822357178,0.5319545865058899,0.784005880355835,0.938881516456604,0.5232629776000977,0.5335668921470642,0.9991024732589722,0.5218467712402344,0.6542989015579224,0.4179542660713196,0.5314809679985046,0.7842260003089905,0.5142411589622498
698,23.266666666666666,1,left,171.63463217981595,171.63463217981595,,0.5271152853965759,0.5226324200630188,0.999739408493042,0.5199283361434937,0.6463310718536377,0.9291070699691772,0.5320745706558228,0.7840503454208374,0.9369242787361145,0.5233564972877502,0.5335726141929626,0.9990940690040588,0.5215198993682861,0.6542935967445374,0.4150342345237732,0.5315090417861938,0.7842168807983398,0.5097134113311768
699,23.3,1,left,170.2736033271354,170.2736033271354,,0.5280216336250305,0.5224837064743042,0.9997472763061523,0.518774151802063,0.6463169455528259,0.928005576133728,0.5320273637771606,0.7850825190544128,0.933498203754425,0.5251024961471558,0.5329781770706177,0.9990966320037842,0.5214160084724426,0.6533375978469849,0.406578004360199,0.5314942002296448,0.7845255136489868,0.4924686849117279
700,23.333333333333332,1,left,169.66674311221382,169.66674311221382,,0.5285308361053467,0.5225191712379456,0.9997366070747375,0.518306314945221,0.6464288830757141,0.9233876466751099,0.532023549079895,0.7859236598014832,0.9284936189651489,0.5275932550430298,0.53289395570755,0.9990158677101135,0.5216360092163086,0.6528555154800415,0.3967060446739197,0.5315057635307312,0.7847470045089722,0.4760393500328064
701,23.366666666666667,1,left,168.56785811145207,168.56785811145207,,0.5301589965820312,0.5230708718299866,0.9997462630271912,0.5177677869796753,0.6463779807090759,0.9240507483482361,0.531703770160675,0.7861536145210266,0.9288309216499329,0.5315472483634949,0.5328934788703918,0.9990504384040833,0.521957278251648,0.6518430113792419,0.3906242251396179,0.5313940644264221,0.7847586274147034,0.46952271461486816
702,23.4,1,left,166.9101211860677,166.9101211860677,,0.5328212976455688,0.5234034657478333,0.9997591972351074,0.5172375440597534,0.6458455324172974,0.925864040851593,0.5315501093864441,0.7858608365058899,0.930150032043457,0.5305415987968445,0.5328691601753235,0.9991025328636169,0.521682620048523,0.6507968306541443,0.3875396251678467,0.5310788750648499,0.7841222286224365,0.4677487909793854
703,23.433333333333334,1,left,165.05880704814444,165.05880704814444,,0.5363105535507202,0.5240532159805298,0.9997696280479431,0.5168731212615967,0.6457590460777283,0.9290046095848083,0.5312541723251343,0.7857047915458679,0.9321784377098083,0.5323125123977661,0.5328633785247803,0.9991500377655029,0.5216757655143738,0.6500470638275146,0.3884846568107605,0.5296941995620728,0.783710777759552,0.4712919592857361
704,23.466666666666665,1,left,163.4301175083492,163.4301175083492,,0.5383904576301575,0.5247784852981567,0.9997751116752625,0.5161415934562683,0.6455745697021484,0.9332922101020813,0.5312055349349976,0.7857486605644226,0.9347027540206909,0.5321710109710693,0.5333611369132996,0.9991961717605591,0.5203715562820435,0.6501864194869995,0.3944548964500427,0.5296738743782043,0.783789873123169,0.4826491177082062
705,23.5,1,left,161.79817366171505,161.79817366171505,,0.5408764481544495,0.5261462330818176,0.9997811913490295,0.5155640840530396,0.6456049680709839,0.9371910095214844,0.5309160947799683,0.7860491871833801,0.9370714426040649,0.5335274934768677,0.5344790816307068,0.9992441534996033,0.5185633897781372,0.6504192352294922,0.3958130180835724,0.5282753705978394,0.7838063836097717,0.49014976620674133
706,23.533333333333335,1,left,161.78119406897088,161.78119406897088,,0.540805459022522,0.5270888209342957,0.9997856616973877,0.5155944228172302,0.6456306576728821,0.9403385519981384,0.530956506729126,0.786760151386261,0.938097357749939,0.5343927145004272,0.535192608833313,0.9992817640304565,0.517979085445404,0.6507216095924377,0.39814314246177673,0.5282634496688843,0.7838056087493896,0.4957160949707031
707,23.566666666666666,1,left,159.14010911640636,159.14010911640636,,0.5440275073051453,0.5308164954185486,0.9997917413711548,0.5147522687911987,0.6469570994377136,0.9439221620559692,0.5312842130661011,0.7874281406402588,0.9403673410415649,0.536439836025238,0.537079930305481,0.9993229508399963,0.5162957310676575,0.6518234610557556,0.39494553208351135,0.527706503868103,0.7837827801704407,0.49749472737312317
708,23.6,1,left,157.94606739030766,157.94606739030766,,0.5452908277511597,0.5321150422096252,0.9998008608818054,0.5141026377677917,0.6489962339401245,0.9467400908470154,0.5314334034919739,0.7878707051277161,0.9423789978027344,0.5372265577316284,0.5392401814460754,0.9993669986724854,0.5150456428527832,0.6540404558181763,0.39496099948883057,0.5278502702713013,0.7838132381439209,0.5028765797615051
709,23.633333333333333,1,left,153.23714584090706,153.23714584090706,,0.5506506562232971,0.5401293635368347,0.9998089671134949,0.5128898024559021,0.6509424448013306,0.9495726823806763,0.5320632457733154,0.7883129119873047,0.9451899528503418,0.5390176773071289,0.5462208986282349,0.9994094371795654,0.5109919905662537,0.6564420461654663,0.40235409140586853,0.5280593633651733,0.7840167284011841,0.5161285400390625
710,23.666666666666668,1,left,152.44730522339543,152.44730522339543,,0.5501366853713989,0.5402444005012512,0.9998170137405396,0.5119116902351379,0.6508992910385132,0.952178418636322,0.5324358940124512,0.7883027195930481,0.947192907333374,0.5384930968284607,0.5484666228294373,0.999445915222168,0.5093192458152771,0.6563240885734558,0.40730541944503784,0.5282493233680725,0.784187376499176,0.5272942185401917
711,23.7,1,left,147.63665126682037,147.63665126682037,,0.5532069206237793,0.5458914041519165,0.9998245239257812,0.5091812014579773,0.6507890224456787,0.955287754535675,0.5324348211288452,0.788338840007782,0.9505650997161865,0.5407756567001343,0.5539616942405701,0.9994826316833496,0.5056902170181274,0.6565748453140259,0.41783642768859863,0.5280933976173401,0.7845936417579651,0.5418678522109985
712,23.733333333333334,1,left,146.82994478447802,146.82994478447802,,0.5539019107818604,0.5464054942131042,0.9998329877853394,0.50860196352005,0.6522610783576965,0.9576906561851501,0.5326915383338928,0.7888521552085876,0.9527897238731384,0.5413035154342651,0.5547633767127991,0.9995177984237671,0.5053579211235046,0.6580101251602173,0.4237228035926819,0.5282201766967773,0.7852965593338013,0.5493208765983582
713,23.766666666666666,1,left,143.05878915029197,143.05878915029197,,0.5560688376426697,0.5516521334648132,0.99983149766922,0.5065003633499146,0.6531713008880615,0.9572994709014893,0.5326926112174988,0.7889754176139832,0.9528052806854248,0.5443826913833618,0.5604121685028076,0.9995262622833252,0.5031831860542297,0.6583470106124878,0.42609572410583496,0.5286966562271118,0.7861665487289429,0.5479952692985535
714,23.8,1,left,142.01135441235027,142.01135441235027,,0.557226300239563,0.5516112446784973,0.9998341798782349,0.5058884620666504,0.6530193090438843,0.9584265947341919,0.5326865315437317,0.7891344428062439,0.9540712237358093,0.5458649396896362,0.5610064268112183,0.9995468854904175,0.5024178624153137,0.6582557559013367,0.44003501534461975,0.5287094116210938,0.78701251745224,0.5540552735328674
715,23.833333333333332,1,left,137.95135343122814,137.95135343122814,,0.5605238676071167,0.5591980814933777,0.9998273253440857,0.5049578547477722,0.6529051065444946,0.9586232900619507,0.5323543548583984,0.7890006303787231,0.9549245238304138,0.5483195185661316,0.5685146450996399,0.9995492100715637,0.49987655878067017,0.6581726670265198,0.44930532574653625,0.5280953049659729,0.7870028018951416,0.5593850016593933
716,23.866666666666667,1,left,136.96094682664278,136.96094682664278,,0.5614825487136841,0.5597137212753296,0.9998211860656738,0.5040040016174316,0.6528478860855103,0.9580224752426147,0.5312693119049072,0.7885835766792297,0.954660952091217,0.5518009066581726,0.5692722797393799,0.9995529055595398,0.5002647638320923,0.658295214176178,0.44897180795669556,0.528110921382904,0.7872055172920227,0.555932879447937
717,23.9,1,left,130.97556660631432,130.97556660631432,,0.5638846755027771,0.5692461133003235,0.99981290102005,0.501456618309021,0.6531913876533508,0.9578390717506409,0.5311974287033081,0.7886051535606384,0.9560470581054688,0.551856517791748,0.5776497721672058,0.9995518922805786,0.49643009901046753,0.6588116884231567,0.45755162835121155,0.5279920101165771,0.7872001528739929,0.5591521263122559
718,23.933333333333334,1,left,129.38998968641135,129.38998968641135,,0.5645023584365845,0.5708742141723633,0.9998199939727783,0.500706672668457,0.6524317860603333,0.9582701325416565,0.5309222340583801,0.7878648638725281,0.9580944180488586,0.5527433753013611,0.5796371102333069,0.9995734691619873,0.49542370438575745,0.6589064002037048,0.4626888036727905,0.5278261303901672,0.7856941223144531,0.555616557598114
719,23.966666666666665,1,left,124.40078896259406,124.40078896259406,,0.5654901266098022,0.5796524882316589,0.9998250603675842,0.4995814859867096,0.6511880159378052,0.9590104818344116,0.530855119228363,0.7872604131698608,0.9602420330047607,0.5523948669433594,0.5887282490730286,0.9995909929275513,0.49259132146835327,0.6593541502952576,0.4667310416698456,0.5271664261817932,0.7847500443458557,0.5544524788856506
720,24.0,1,left,123.43649819555989,123.43649819555989,,0.5662261843681335,0.5801941752433777,0.9998317360877991,0.4988830089569092,0.6517038345336914,0.9581164121627808,0.5308839082717896,0.7872649431228638,0.9611371755599976,0.5535014867782593,0.5898041129112244,0.9996061325073242,0.49205923080444336,0.6593656539916992,0.4570825695991516,0.5271580815315247,0.7846413850784302,0.5377991199493408
721,24.033333333333335,1,left,118.76520736137859,118.76520736137859,,0.5672898888587952,0.5878098011016846,0.9998399615287781,0.49717894196510315,0.6527109742164612,0.9586519598960876,0.5307866334915161,0.7872540354728699,0.9630841016769409,0.5539076328277588,0.5977751612663269,0.9996261596679688,0.49085360765457153,0.6599978804588318,0.45613282918930054,0.5269507765769958,0.7842811346054077,0.5338039994239807
722,24.066666666666666,1,left,116.69799062476461,116.69799062476461,,0.5677415132522583,0.5894631743431091,0.9998476505279541,0.4960923194885254,0.6521157622337341,0.9586794972419739,0.5308834314346313,0.7869380116462708,0.9643859267234802,0.5533685684204102,0.5987650752067566,0.9996441602706909,0.48882660269737244,0.6613184809684753,0.4585239887237549,0.5246526002883911,0.7841861844062805,0.5287639498710632
723,24.1,1,left,111.71537149594266,111.71537149594266,,0.5684529542922974,0.5982882380485535,0.9998553395271301,0.4946219027042389,0.6535393595695496,0.9590528011322021,0.5306324362754822,0.7870577573776245,0.965907096862793,0.5550593733787537,0.6074972748756409,0.9996635913848877,0.4874383509159088,0.6617233157157898,0.45559149980545044,0.5234087705612183,0.7839927673339844,0.5232945084571838
724,24.133333333333333,1,left,111.54569524868958,111.54569524868958,,0.5682645440101624,0.5975419878959656,0.9998596906661987,0.49356669187545776,0.6535247564315796,0.9587507843971252,0.5301305055618286,0.7871405482292175,0.9670072197914124,0.5546220541000366,0.60714191198349,0.9996712803840637,0.48582085967063904,0.6627623438835144,0.45975568890571594,0.5214080810546875,0.7816390991210938,0.5226119160652161
725,24.166666666666668,1,left,106.14364129649438,106.14364129649438,,0.5689839720726013,0.6064873337745667,0.9998646974563599,0.492686927318573,0.6533833742141724,0.9590724110603333,0.5296672582626343,0.7873349785804749,0.9685605764389038,0.5543481707572937,0.6157341003417969,0.9996832609176636,0.4845561385154724,0.6628884077072144,0.4631519913673401,0.5212424993515015,0.7816438674926758,0.525723397731781
726,24.2,1,left,104.1690532105864,104.1690532105864,,0.5690257549285889,0.6068840622901917,0.9998695254325867,0.4900739789009094,0.6534976363182068,0.9598700404167175,0.5294373631477356,0.7873396277427673,0.9701812863349915,0.5550720691680908,0.6158068776130676,0.9996967911720276,0.4843314290046692,0.6651234030723572,0.46562033891677856,0.5212996602058411,0.7805191874504089,0.5303046703338623
727,24.233333333333334,1,left,98.63718229703414,98.63718229703414,,0.5691528916358948,0.6146358251571655,0.9998718500137329,0.4881874918937683,0.6537024974822998,0.961158037185669,0.5292719602584839,0.7870787978172302,0.9717842936515808,0.5561711192131042,0.6241023540496826,0.9997047781944275,0.483442485332489,0.6656802892684937,0.46787798404693604,0.5212482213973999,0.7788060903549194,0.5358046889305115
728,24.266666666666666,1,left,97.42383832781849,97.42383832781849,,0.5694087147712708,0.6159951686859131,0.999865710735321,0.4871231019496918,0.6545099020004272,0.9620197415351868,0.5293194055557251,0.7870585918426514,0.9731824398040771,0.5573264360427856,0.6251165866851807,0.9997014999389648,0.4833000600337982,0.6676596999168396,0.47116711735725403,0.5209159851074219,0.778893232345581,0.5430252552032471
729,24.3,1,left,92.1292999337507,92.1292999337507,,0.5693350434303284,0.6254094243049622,0.999866247177124,0.486250638961792,0.6562318205833435,0.9635489583015442,0.5293303728103638,0.7870718240737915,0.9747949242591858,0.5572702884674072,0.6337565779685974,0.999709963798523,0.4826032221317291,0.670472264289856,0.47473132610321045,0.5218018889427185,0.7790237665176392,0.5543316006660461
730,24.333333333333332,1,left,91.2416224554249,91.2416224554249,,0.5693284869194031,0.6261010766029358,0.9998582601547241,0.48515668511390686,0.6562573909759521,0.9647198915481567,0.5289604067802429,0.7874048352241516,0.9758511781692505,0.557453453540802,0.6342162489891052,0.999701976776123,0.4810108244419098,0.6699091196060181,0.4775567352771759,0.5215599536895752,0.7791200876235962,0.5548462867736816
731,24.366666666666667,1,left,86.73337383382349,86.73337383382349,,0.5692718625068665,0.6331573724746704,0.9998566508293152,0.4838167130947113,0.6573038697242737,0.9660277366638184,0.5287933945655823,0.7875933051109314,0.9770221710205078,0.557395339012146,0.6410430073738098,0.9997023940086365,0.4798513948917389,0.6704490780830383,0.4795589745044708,0.5198206305503845,0.7792184948921204,0.5572156310081482
732,24.4,1,left,86.65471182137452,86.65471182137452,,0.5692152380943298,0.6334797739982605,0.9998524785041809,0.4844808578491211,0.6568738222122192,0.9663470983505249,0.528933584690094,0.7876067757606506,0.9774924516677856,0.5563060641288757,0.6428362727165222,0.9996975660324097,0.47845524549484253,0.6712241768836975,0.48463183641433716,0.5199840068817139,0.7801647186279297,0.5577396154403687
733,24.433333333333334,1,left,81.60276920071665,81.60276920071665,,0.5691674947738647,0.6405121684074402,0.9998413324356079,0.4832209050655365,0.6569897532463074,0.965501606464386,0.5289245247840881,0.7878631949424744,0.9776129722595215,0.5560635328292847,0.6516005992889404,0.9996790885925293,0.47754836082458496,0.6713870167732239,0.47578689455986023,0.5201065540313721,0.7802778482437134,0.5528562664985657
734,24.466666666666665,1,left,79.48007861105478,79.48007861105478,,0.5694051384925842,0.6436281204223633,0.9998371601104736,0.48363766074180603,0.656951904296875,0.9657183289527893,0.5297017693519592,0.7881224751472473,0.9784331321716309,0.5559313893318176,0.6556309461593628,0.9996618032455444,0.4768519401550293,0.6712804436683655,0.4801170229911804,0.5206556916236877,0.7803076505661011,0.5549156665802002
735,24.5,1,left,74.46277699904803,74.46277699904803,,0.5693849921226501,0.6511512994766235,0.9998267889022827,0.4834958016872406,0.6570302248001099,0.9652764201164246,0.5297161340713501,0.7878943085670471,0.9786983728408813,0.5559316873550415,0.6621305346488953,0.9996384382247925,0.4773117005825043,0.6698279976844788,0.4729093909263611,0.5206887722015381,0.7795100808143616,0.5556008815765381
736,24.533333333333335,1,left,73.81210370873019,73.81210370873019,,0.569370687007904,0.6519924402236938,0.9998127818107605,0.48355674743652344,0.6569169759750366,0.964257538318634,0.5298475027084351,0.7878392934799194,0.9785503149032593,0.55439293384552,0.6656216979026794,0.9996070861816406,0.4775052070617676,0.669828474521637,0.4720451235771179,0.5207197666168213,0.7793163061141968,0.5531268119812012
737,24.566666666666666,1,left,69.08808539189891,69.08808539189891,,0.5691127181053162,0.6589267253875732,0.9997753500938416,0.4834020733833313,0.6569241285324097,0.9623926281929016,0.5299607515335083,0.7878679633140564,0.9781162738800049,0.5543540716171265,0.6718432307243347,0.9995009899139404,0.4773009419441223,0.6697991490364075,0.46252745389938354,0.5216886401176453,0.7789208889007568,0.5463136434555054
738,24.6,1,left,68.46861472583231,68.46861472583231,,0.5687969326972961,0.6609157919883728,0.9997577667236328,0.48327547311782837,0.6584210991859436,0.961914598941803,0.5300337672233582,0.787868082523346,0.978270411491394,0.5539522767066956,0.6720716953277588,0.9994526505470276,0.4768131673336029,0.6697775721549988,0.46076780557632446,0.5217240452766418,0.7787346243858337,0.5489019155502319
739,24.633333333333333,1,left,64.08824495525808,64.78964353300779,,0.5685650706291199,0.6673591136932373,0.9997549057006836,0.483375608921051,0.6581941843032837,0.9623122811317444,0.5300353765487671,0.7880004644393921,0.9788798689842224,0.553347647190094,0.6789061427116394,0.9994183778762817,0.4764285683631897,0.6704769730567932,0.4568338394165039,0.5217295289039612,0.778467059135437,0.5511731505393982
740,24.666666666666668,1,left,64.78964353300779,64.08824495525808,,0.5688052773475647,0.6672924757003784,0.9997013211250305,0.4833051562309265,0.6591947674751282,0.9613066911697388,0.5296022891998291,0.7877898812294006,0.9786774516105652,0.554250180721283,0.677479088306427,0.9993090629577637,0.47658219933509827,0.6711516976356506,0.44999393820762634,0.5225180983543396,0.7786014676094055,0.5507469773292542
741,24.7,1,left,61.049451174686915,61.049451174686915,,0.568884015083313,0.6718600988388062,0.9996326565742493,0.48316317796707153,0.6579017639160156,0.9594494104385376,0.5295901298522949,0.7875531315803528,0.978186309337616,0.5552436709403992,0.6831799745559692,0.9991245269775391,0.4762113094329834,0.6718291640281677,0.43809953331947327,0.5227341055870056,0.7787078619003296,0.5404152274131775
742,24.733333333333334,1,left,59.874325061700766,59.874325061700766,,0.5695585012435913,0.673008918762207,0.9995361566543579,0.4832236170768738,0.6569283604621887,0.9580814838409424,0.5293663740158081,0.7866929769515991,0.9776445627212524,0.5556291341781616,0.6829034090042114,0.9988410472869873,0.47606348991394043,0.67206871509552,0.43181055784225464,0.5223792791366577,0.7769014835357666,0.5346907377243042
743,24.766666666666666,1,left,56.56034789586664,56.56034789586664,,0.5695496797561646,0.6776751279830933,0.9994755983352661,0.4832269251346588,0.6557919979095459,0.956511914730072,0.5287612676620483,0.7864413857460022,0.9773085713386536,0.5577662587165833,0.6868482828140259,0.9986380338668823,0.4762650430202484,0.6720461249351501,0.42010605335235596,0.5211047530174255,0.7734882831573486,0.5261766910552979
744,24.8,1,left,55.916204565910974,55.916204565910974,,0.5697160363197327,0.6796519756317139,0.9994623064994812,0.48306503891944885,0.6570557951927185,0.9561437368392944,0.5280743837356567,0.784383237361908,0.9761974811553955,0.55809485912323,0.6887472867965698,0.9986103773117065,0.47630101442337036,0.6705507636070251,0.4191913306713104,0.5203908681869507,0.772616446018219,0.5290027856826782
745,24.833333333333332,1,left,53.50159512899939,53.50159512899939,,0.5696316361427307,0.684309720993042,0.999428391456604,0.4825833737850189,0.6582294702529907,0.954790472984314,0.5277975797653198,0.7836804986000061,0.9751145243644714,0.5590358972549438,0.6934818625450134,0.998540997505188,0.4764363765716553,0.6703507900238037,0.40853872895240784,0.5207327008247375,0.7727878093719482,0.5238490104675293
746,24.866666666666667,1,left,51.76729573209331,51.76729573209331,,0.5696424841880798,0.6874395608901978,0.9993168115615845,0.4825916886329651,0.6585189700126648,0.9522524476051331,0.5278139710426331,0.78375244140625,0.9737191200256348,0.5598200559616089,0.6949127912521362,0.9983039498329163,0.4764823913574219,0.6703575849533081,0.396420419216156,0.5209271907806396,0.7719681859016418,0.5122827291488647
747,24.9,1,left,48.95334636840845,48.95334636840845,,0.5695807933807373,0.6925247311592102,0.9992428421974182,0.48259854316711426,0.6588811278343201,0.9498734474182129,0.527507483959198,0.7829350829124451,0.9717558026313782,0.5604859590530396,0.6993263959884644,0.9981783032417297,0.4765090048313141,0.6704626083374023,0.38373130559921265,0.5209550261497498,0.7720410823822021,0.5019053816795349
748,24.933333333333334,1,left,47.79109416964372,47.79109416964372,,0.5695280432701111,0.6945783495903015,0.9990877509117126,0.4826059937477112,0.6588510870933533,0.9461796879768372,0.5274671316146851,0.7830159068107605,0.969835102558136,0.561149001121521,0.6994279026985168,0.9979236125946045,0.47717922925949097,0.6702899932861328,0.36809107661247253,0.5217590928077698,0.7721837162971497,0.4872902035713196
749,24.966666666666665,1,left,45.792404060871526,45.792404060871526,,0.5694915652275085,0.6987159848213196,0.9989220499992371,0.4825887084007263,0.6588287949562073,0.942236602306366,0.5266571640968323,0.7829084396362305,0.9674239158630371,0.562173068523407,0.7041177749633789,0.9976983070373535,0.47773343324661255,0.6702215671539307,0.3521501421928406,0.5217700004577637,0.772246778011322,0.4739592969417572
750,25.0,1,left,45.466351017843806,45.466351017843806,,0.5692994594573975,0.6997745633125305,0.9988503456115723,0.48251932859420776,0.6590225100517273,0.9401505589485168,0.5260607600212097,0.7828109860420227,0.9655015468597412,0.5622850656509399,0.7051963806152344,0.9976150989532471,0.47798627614974976,0.6708584427833557,0.3423924148082733,0.5231121778488159,0.7737796902656555,0.4639953374862671
751,25.033333333333335,1,left,43.974932933395124,44.077031632370165,,0.5693062543869019,0.7024856209754944,0.9987512230873108,0.4825263023376465,0.6591244339942932,0.9380451440811157,0.5265042185783386,0.7834851145744324,0.96407550573349,0.5622974634170532,0.7077154517173767,0.9974711537361145,0.4779530465602875,0.6713806986808777,0.3296206295490265,0.5231059193611145,0.7743133306503296,0.45200490951538086
752,25.066666666666666,1,left,44.077031632370165,43.974932933395124,,0.5692857503890991,0.7033625245094299,0.9987100958824158,0.48235219717025757,0.6606863141059875,0.9377893805503845,0.5265118479728699,0.783504068851471,0.9632579684257507,0.5623115301132202,0.7074092626571655,0.9974332451820374,0.47859978675842285,0.6719214916229248,0.3245191276073456,0.523213267326355,0.7743303179740906,0.44968199729919434
753,25.1,1,left,42.432545337135224,42.432545337135224,,0.5692978501319885,0.7063832879066467,0.9986438155174255,0.48235630989074707,0.6606547832489014,0.9365262389183044,0.5266304612159729,0.7834661602973938,0.9617581963539124,0.562369167804718,0.7104582190513611,0.9973593950271606,0.47885170578956604,0.6722058057785034,0.316020131111145,0.5242483019828796,0.7753893733024597,0.44320544600486755
754,25.133333333333333,1,left,41.3731623453585,41.3731623453585,,0.5690997242927551,0.708492636680603,0.9984062314033508,0.4823164939880371,0.660148024559021,0.9323579668998718,0.5261663198471069,0.783936083316803,0.9595152735710144,0.56304532289505,0.7116812467575073,0.9969451427459717,0.4788525104522705,0.672549843788147,0.3036330044269562,0.5243534445762634,0.7754603624343872,0.42606136202812195
755,25.166666666666668,1,left,40.29300858773675,40.29300858773675,,0.5691045522689819,0.7103788256645203,0.998249888420105,0.48228922486305237,0.6596828699111938,0.9307647347450256,0.5262755155563354,0.7844210267066956,0.9585697054862976,0.5629798769950867,0.7137695550918579,0.9967140555381775,0.47898975014686584,0.671925961971283,0.29455313086509705,0.5244207978248596,0.77574622631073,0.41602399945259094
756,25.2,1,left,40.02717691412628,40.02717691412628,,0.5690063834190369,0.7111356258392334,0.9981462955474854,0.4822876453399658,0.6596437096595764,0.9301282167434692,0.526287853717804,0.7854871153831482,0.9576911330223083,0.5628010034561157,0.7135317921638489,0.9965096116065979,0.4790995121002197,0.6714651584625244,0.2896491587162018,0.5244112014770508,0.7763069272041321,0.4103511869907379
757,25.233333333333334,1,left,39.398895506528845,39.398895506528845,,0.5690175890922546,0.7124652862548828,0.9980888962745667,0.48236745595932007,0.6596298813819885,0.9295830130577087,0.5262898206710815,0.7855587005615234,0.9572640657424927,0.5624428391456604,0.714954137802124,0.9964274168014526,0.4790986478328705,0.671533465385437,0.28566378355026245,0.5242975950241089,0.7763610482215881,0.40903782844543457
758,25.266666666666666,1,left,39.325038981152304,39.325038981152304,,0.569109320640564,0.712528645992279,0.9980776906013489,0.4823918342590332,0.6593434810638428,0.9303732514381409,0.5262046456336975,0.7854860424995422,0.9572452902793884,0.5618987083435059,0.7150751948356628,0.9964376091957092,0.4790094494819641,0.6715943217277527,0.2867338955402374,0.5242591500282288,0.7770166397094727,0.41266241669654846
759,25.3,1,left,38.57464373480602,39.102813691993305,,0.5690949559211731,0.7139720916748047,0.9981288909912109,0.48255133628845215,0.6590299010276794,0.9306667447090149,0.5260601043701172,0.7852743864059448,0.9565980434417725,0.5607463121414185,0.7159755825996399,0.9965347647666931,0.47888070344924927,0.671619713306427,0.2848655581474304,0.5240897536277771,0.776919424533844,0.4139688313007355
760,25.333333333333332,1,left,39.102813691993305,38.885060058458684,,0.5691515803337097,0.7138248085975647,0.9981565475463867,0.482905775308609,0.6602146625518799,0.9322388172149658,0.5260125398635864,0.78517746925354,0.9565608501434326,0.559694766998291,0.715373694896698,0.9965910911560059,0.47885194420814514,0.6716178059577942,0.2924262285232544,0.5238651633262634,0.7768356800079346,0.42435163259506226
761,25.366666666666667,1,left,38.780988393085714,38.780988393085714,,0.5688880681991577,0.714436948299408,0.9981836676597595,0.4829099774360657,0.6602970957756042,0.9323506355285645,0.5260024666786194,0.7853003740310669,0.9557937979698181,0.5592478513717651,0.7163053154945374,0.9966294765472412,0.47782832384109497,0.6735734939575195,0.29198503494262695,0.5238381028175354,0.7764891982078552,0.42684730887413025
762,25.4,1,left,38.885060058458684,38.780988393085714,,0.5688378214836121,0.7143544554710388,0.998222827911377,0.4829988479614258,0.66051185131073,0.9335613250732422,0.5258775949478149,0.7849215865135193,0.9553430080413818,0.5585265755653381,0.7161357998847961,0.9967218637466431,0.47783175110816956,0.673551619052887,0.29686397314071655,0.5237030982971191,0.7764806747436523,0.4352218508720398
763,25.433333333333334,1,left,38.53651370457627,38.53651370457627,,0.5685855150222778,0.7149946093559265,0.9982337355613708,0.4828643202781677,0.6604980826377869,0.9340757131576538,0.5255313515663147,0.7842881083488464,0.9550564289093018,0.5585135817527771,0.7167395353317261,0.9967301487922668,0.4778256416320801,0.6735815405845642,0.29783377051353455,0.5236442685127258,0.7761942148208618,0.4388689696788788
764,25.466666666666665,1,left,38.32087947865699,38.32087947865699,,0.5685070753097534,0.715363621711731,0.9982630014419556,0.4828622341156006,0.6604892015457153,0.9350708723068237,0.5255099534988403,0.7841326594352722,0.9546439051628113,0.5582971572875977,0.7171787619590759,0.9967957139015198,0.4778127670288086,0.6735817790031433,0.30363497138023376,0.523635745048523,0.7761919498443604,0.44581934809684753
765,25.5,1,left,38.227809485640904,38.227809485640904,,0.5683683156967163,0.7158548831939697,0.9983062744140625,0.48282957077026367,0.6608073711395264,0.935941755771637,0.5252849459648132,0.7840415239334106,0.9546351432800293,0.5581210851669312,0.7177565097808838,0.9968687295913696,0.47777897119522095,0.6736719608306885,0.30545902252197266,0.5234543085098267,0.7761884331703186,0.4505738615989685
766,25.533333333333335,1,left,38.06158123911171,38.06158123911171,,0.5682960748672485,0.7160796523094177,0.9983456134796143,0.4827199876308441,0.6607398390769958,0.936711847782135,0.5252382159233093,0.783881425857544,0.9549747705459595,0.5580775737762451,0.7183369398117065,0.9969355463981628,0.4777069687843323,0.6733078360557556,0.30625125765800476,0.5232649445533752,0.7762044668197632,0.4544699788093567
767,25.566666666666666,1,left,37.90358762229841,37.90358762229841,,0.5682336091995239,0.7162932753562927,0.9983813762664795,0.4825441241264343,0.6607267260551453,0.9374806880950928,0.5252333879470825,0.7837666273117065,0.955102801322937,0.5580668449401855,0.7187386751174927,0.9969950914382935,0.47782260179519653,0.6731923222541809,0.30684950947761536,0.5232115983963013,0.7762283682823181,0.45784422755241394
768,25.6,1,left,37.87790308485534,37.87790308485534,,0.5683308839797974,0.7172421216964722,0.9984409809112549,0.4837445318698883,0.6606327295303345,0.938471794128418,0.5244985222816467,0.7836475372314453,0.9546945691108704,0.5577608942985535,0.7192729115486145,0.9970256686210632,0.47403684258461,0.6774164438247681,0.31489256024360657,0.5216680765151978,0.77301025390625,0.46428006887435913
769,25.633333333333333,1,left,37.79980269236539,37.86492269449855,,0.5681480169296265,0.7170733213424683,0.9984402060508728,0.4835089147090912,0.660569965839386,0.9393318295478821,0.524498701095581,0.7832610607147217,0.9543144702911377,0.557767927646637,0.7198778390884399,0.9970476627349854,0.4741651117801666,0.6780557036399841,0.3180732727050781,0.5217064023017883,0.77349853515625,0.4689168334007263
770,25.666666666666668,1,left,37.800376666227685,37.80069431693891,,0.5679519176483154,0.7169570922851562,0.9984616041183472,0.4832499027252197,0.6606156826019287,0.9392436742782593,0.5245023369789124,0.7834153771400452,0.9535062909126282,0.5577446818351746,0.7198086977005005,0.9971029758453369,0.474951833486557,0.6764656901359558,0.3160998523235321,0.5217193961143494,0.7735076546669006,0.4697776138782501
771,25.7,1,left,37.86492269449855,37.800376666227685,,0.5677577257156372,0.7167413830757141,0.9984654784202576,0.48317351937294006,0.6606111526489258,0.9386665225028992,0.5245022177696228,0.7836530208587646,0.9528113007545471,0.5577148199081421,0.7193145155906677,0.9971271753311157,0.4754847586154938,0.6748670935630798,0.31511494517326355,0.5218144059181213,0.7742739915847778,0.4706713557243347
772,25.733333333333334,1,left,37.80069431693891,37.800376666227685,,0.56760174036026,0.7167168855667114,0.9984651803970337,0.4828837513923645,0.6606041789054871,0.9384863376617432,0.5245047807693481,0.7837031483650208,0.9525976181030273,0.5577993392944336,0.7191601395606995,0.9971340894699097,0.4756160378456116,0.6734259724617004,0.3122033178806305,0.5218249559402466,0.773749053478241,0.4696410298347473
773,25.766666666666666,1,left,37.755048696559,37.755048696559,,0.5673794746398926,0.7166317105293274,0.9984443783760071,0.4827592372894287,0.6605978608131409,0.9374361038208008,0.5245072245597839,0.7837019562721252,0.9518933296203613,0.5579248666763306,0.7182042598724365,0.9971064329147339,0.4761173725128174,0.6723973155021667,0.30886125564575195,0.5218352675437927,0.7732045650482178,0.4670243561267853
774,25.8,1,left,37.672546661610234,37.672546661610234,,0.5671687722206116,0.7165423631668091,0.9984383583068848,0.4826537072658539,0.6604772806167603,0.9364826679229736,0.524503231048584,0.7836334705352783,0.9513663053512573,0.557961106300354,0.7176397442817688,0.997089684009552,0.4764951765537262,0.6724065542221069,0.3057272732257843,0.5218443870544434,0.7721395492553711,0.463797003030777
775,25.833333333333332,1,left,37.66546099655513,37.672546661610234,,0.566948652267456,0.716338038444519,0.9984179735183716,0.4826270639896393,0.6604053974151611,0.9357818365097046,0.5245009660720825,0.7835696935653687,0.9509738087654114,0.5582643747329712,0.7175865173339844,0.9970678687095642,0.4765350818634033,0.6735216975212097,0.3040100038051605,0.5218658447265625,0.7716227769851685,0.4610806703567505
776,25.866666666666667,1,left,37.6466577928801,37.672546661610234,,0.5668696761131287,0.7161745429039001,0.9984076023101807,0.48255833983421326,0.6602382063865662,0.9349549412727356,0.5245017409324646,0.7835091352462769,0.9506018161773682,0.5583592653274536,0.7175626754760742,0.9970645904541016,0.4765526354312897,0.6735268831253052,0.3005511462688446,0.5218799114227295,0.7714759707450867,0.45779433846473694
777,25.9,1,left,37.904903716619,37.904903716619,,0.5668445229530334,0.7156054973602295,0.9984105229377747,0.48256659507751465,0.6602338552474976,0.9348742365837097,0.5245078802108765,0.78350830078125,0.9507793188095093,0.5584174394607544,0.7174022197723389,0.9970846176147461,0.476585328578949,0.6739917993545532,0.30172857642173767,0.5221449136734009,0.7724466323852539,0.4585449695587158
778,25.933333333333334,1,left,37.92957988132725,37.92957988132725,,0.5670346617698669,0.7155457139015198,0.9984140396118164,0.48256516456604004,0.6600520014762878,0.9344399571418762,0.5244965553283691,0.783458948135376,0.9502424001693726,0.5584196448326111,0.7174298167228699,0.9971067309379578,0.4767833352088928,0.6737276315689087,0.30112674832344055,0.5220943689346313,0.7721298933029175,0.45620447397232056
779,25.966666666666665,1,left,38.238487344385064,38.238487344385064,,0.5672878623008728,0.7150164246559143,0.9984186887741089,0.48257917165756226,0.6599788665771484,0.9344732165336609,0.5245004892349243,0.7834848165512085,0.9498194456100464,0.5582231879234314,0.7168658375740051,0.9971323609352112,0.47698062658309937,0.6723974347114563,0.30427175760269165,0.5220949649810791,0.7721455097198486,0.45828500390052795
780,26.0,1,left,38.37569393448733,38.37569393448733,,0.5673245191574097,0.7145280241966248,0.9984077215194702,0.48257628083229065,0.6598034501075745,0.9334872364997864,0.5244723558425903,0.7830647230148315,0.9494103193283081,0.5582226514816284,0.7162593603134155,0.9971110820770264,0.47707420587539673,0.6704400181770325,0.3008807897567749,0.5220351815223694,0.7709439396858215,0.4553568363189697
781,26.033333333333335,1,left,38.67177825467177,38.67177825467177,,0.5673361420631409,0.7137871980667114,0.998335063457489,0.48257383704185486,0.6596025228500366,0.9331749677658081,0.5244320631027222,0.7829886078834534,0.9489970803260803,0.5582239627838135,0.7159780859947205,0.9970464110374451,0.47712358832359314,0.6708170771598816,0.29954993724823,0.5220364332199097,0.7719546556472778,0.4545831084251404
782,26.066666666666666,1,left,38.78737197409189,38.78737197409189,,0.567353367805481,0.7132788896560669,0.998286783695221,0.4825776517391205,0.6592537760734558,0.9333460330963135,0.5243797898292542,0.7827213406562805,0.9490113258361816,0.5582132935523987,0.7158947587013245,0.9970157146453857,0.47712773084640503,0.6731598973274231,0.29894396662712097,0.5220268368721008,0.7726700901985168,0.4550962448120117
783,26.1,1,left,39.11438385844066,39.11438385844066,,0.5673540234565735,0.7128881812095642,0.9982158541679382,0.48268628120422363,0.6595514416694641,0.9330734610557556,0.5243120789527893,0.7826951742172241,0.9486022591590881,0.5582138299942017,0.7155958414077759,0.9969561696052551,0.4769926071166992,0.6752744317054749,0.29889899492263794,0.5220171213150024,0.7731186747550964,0.455006867647171
784,26.133333333333333,1,left,39.25988615157993,39.25988615157993,,0.5673788785934448,0.7124183177947998,0.9981946349143982,0.48277515172958374,0.6593149304389954,0.9334681034088135,0.5242506265640259,0.7823807597160339,0.9484522342681885,0.5582144260406494,0.7154331803321838,0.9969555735588074,0.476909339427948,0.6773460507392883,0.3014790713787079,0.5219754576683044,0.7731775045394897,0.4567317068576813
785,26.166666666666668,1,left,39.56370249147561,39.56370249147561,,0.5674117803573608,0.7120091915130615,0.998105525970459,0.48284482955932617,0.6595842242240906,0.9328632950782776,0.5242393016815186,0.7822977900505066,0.9475443959236145,0.558214545249939,0.714927077293396,0.9968801736831665,0.4773522913455963,0.6760041117668152,0.30194091796875,0.5219900608062744,0.7734149098396301,0.4555147588253021
786,26.2,1,left,39.659344679900656,39.659344679900656,,0.5674120187759399,0.7115350961685181,0.9980242252349854,0.48285141587257385,0.6592128872871399,0.9319607615470886,0.5242321491241455,0.7822205424308777,0.9469239711761475,0.5582104325294495,0.7145215272903442,0.9968010783195496,0.4774813652038574,0.6752327680587769,0.30096903443336487,0.5220026969909668,0.7735641002655029,0.45356059074401855
787,26.233333333333334,1,left,40.00558872663703,40.00558872663703,,0.567473292350769,0.7109792828559875,0.9979501366615295,0.4829249382019043,0.6593645215034485,0.9310641884803772,0.5242048501968384,0.7820866703987122,0.9461522698402405,0.5582215189933777,0.7139412760734558,0.9967383742332458,0.4775373041629791,0.6748553514480591,0.2996959090232849,0.522005021572113,0.7739441394805908,0.45254382491111755
788,26.266666666666666,1,left,40.195253156641876,40.195253156641876,,0.5675567388534546,0.7103342413902283,0.9979244470596313,0.4828745722770691,0.6589897274971008,0.9293709397315979,0.5242039561271667,0.7819716930389404,0.9453288316726685,0.558276355266571,0.713616132736206,0.9967091083526611,0.47753849625587463,0.6744376420974731,0.294767290353775,0.5220173597335815,0.773945152759552,0.44530290365219116
789,26.3,1,left,40.828155354433726,40.828155354433726,,0.567592978477478,0.7088610529899597,0.9978855848312378,0.48269200325012207,0.6589848399162292,0.9273509383201599,0.5246112942695618,0.7825518250465393,0.9444215893745422,0.5588348507881165,0.712849497795105,0.9966685771942139,0.47756218910217285,0.6744166016578674,0.2890908122062683,0.5221993923187256,0.7741944193840027,0.4373548924922943
790,26.333333333333332,1,left,41.33122701038499,41.33122701038499,,0.5679271817207336,0.7089029550552368,0.9979009032249451,0.48254260420799255,0.6604873538017273,0.9255542159080505,0.5250232219696045,0.7830654978752136,0.9429845213890076,0.5597546100616455,0.7126554846763611,0.9966784715652466,0.47778600454330444,0.6732380986213684,0.28235703706741333,0.5223692655563354,0.7741755247116089,0.4276292622089386
791,26.366666666666667,1,left,43.59644813601904,43.59644813601904,,0.5679872632026672,0.7054802775382996,0.9979502558708191,0.4819428324699402,0.6621999144554138,0.9255588054656982,0.5257225632667542,0.7844642400741577,0.9432545900344849,0.5598981976509094,0.7092073559761047,0.9967425465583801,0.477946937084198,0.6730526685714722,0.280877023935318,0.5227236747741699,0.7748595476150513,0.4232741594314575
792,26.4,1,left,43.962342977900704,43.962342977900704,,0.5684505105018616,0.7051804661750793,0.9979315400123596,0.48194509744644165,0.6621447801589966,0.9252460598945618,0.5254279375076294,0.7843416929244995,0.9425470232963562,0.560326099395752,0.7093213200569153,0.9967021346092224,0.47757038474082947,0.6731452941894531,0.279342919588089,0.5227094292640686,0.7759649157524109,0.4191281497478485
793,26.433333333333334,1,left,47.0057503811514,47.0057503811514,,0.5684926509857178,0.6997145414352417,0.997930645942688,0.48161840438842773,0.6629142165184021,0.9251255989074707,0.5259684324264526,0.7845237255096436,0.9427199959754944,0.5607696175575256,0.7044069766998291,0.9967107772827148,0.477654367685318,0.6730590462684631,0.27839207649230957,0.5230594277381897,0.776159942150116,0.4172708988189697
794,26.466666666666665,1,left,47.56169835673633,47.56169835673633,,0.5691250562667847,0.6987555623054504,0.9979757070541382,0.4818603992462158,0.6622817516326904,0.9261768460273743,0.5254380106925964,0.7836225032806396,0.9433611035346985,0.5607864260673523,0.7032976150512695,0.9967275261878967,0.4775429368019104,0.6725142598152161,0.27967965602874756,0.5224571228027344,0.7757739424705505,0.4178581237792969
795,26.5,1,left,50.8010830817722,50.8010830817722,,0.5694413185119629,0.6932570338249207,0.9980171322822571,0.4818575978279114,0.662256121635437,0.9262411594390869,0.5255330204963684,0.7841891050338745,0.9435356259346008,0.5606392621994019,0.6998311281204224,0.9967626333236694,0.4774473309516907,0.6722491979598999,0.2815810739994049,0.5224147439002991,0.7759325504302979,0.41799864172935486
796,26.533333333333335,1,left,51.86410065514641,51.86410065514641,,0.5700786709785461,0.6907122135162354,0.9980658292770386,0.48196426033973694,0.6609691381454468,0.9282400012016296,0.5254628658294678,0.783916175365448,0.9448286890983582,0.5606281757354736,0.6992051005363464,0.9967784881591797,0.4772951006889343,0.6721706390380859,0.2907100021839142,0.5220599174499512,0.7755870223045349,0.42539143562316895
797,26.566666666666666,1,left,56.579994954794046,56.579994954794046,,0.5703218579292297,0.6819789409637451,0.998121976852417,0.4822680354118347,0.6600724458694458,0.9287108182907104,0.5259938836097717,0.783898651599884,0.9463971853256226,0.5598996877670288,0.6927390694618225,0.9967870116233826,0.4763069152832031,0.6721768975257874,0.3015902042388916,0.5220553874969482,0.7755564451217651,0.43205252289772034
798,26.6,1,left,58.08344435407604,58.08344435407604,,0.5705528855323792,0.6791015863418579,0.9982203245162964,0.4823785424232483,0.6596472859382629,0.9311302900314331,0.5262947082519531,0.7838385701179504,0.9490010738372803,0.5600202083587646,0.6909582614898682,0.9968618750572205,0.47632449865341187,0.6721432209014893,0.3124806582927704,0.5206907391548157,0.7751786112785339,0.44156140089035034
799,26.633333333333333,1,left,65.07255512298465,64.25226895209336,,0.5713077187538147,0.6681296229362488,0.9983167052268982,0.4827326238155365,0.6595047116279602,0.9340003728866577,0.5264421701431274,0.7838611602783203,0.9516196846961975,0.560056209564209,0.6811032891273499,0.9969562888145447,0.4761911928653717,0.6723486185073853,0.3277401924133301,0.5200098156929016,0.7752112150192261,0.44973254203796387
800,26.666666666666668,1,left,64.25226895209336,65.07255512298465,,0.571293294429779,0.6698909997940063,0.9984538555145264,0.48234349489212036,0.6598595380783081,0.9352860450744629,0.5265297889709473,0.785942018032074,0.9535509943962097,0.5600429773330688,0.6795026063919067,0.9971610307693481,0.4762016832828522,0.6706462502479553,0.3286239504814148,0.5189054012298584,0.7729997634887695,0.4475611746311188
801,26.7,1,left,69.52734392866337,69.48998642961328,,0.5712857246398926,0.6604236364364624,0.9985447525978088,0.4822320342063904,0.6583883762359619,0.9384167790412903,0.526597797870636,0.7860518097877502,0.9561731219291687,0.5598845481872559,0.6713910698890686,0.9972766637802124,0.47611624002456665,0.6704922914505005,0.3467935621738434,0.5189648866653442,0.7748476266860962,0.4587755799293518
802,26.733333333333334,1,left,69.48998642961328,69.52734392866337,,0.5703049898147583,0.6612282991409302,0.9986746907234192,0.48122438788414,0.660022497177124,0.9404257535934448,0.5266245603561401,0.7865800857543945,0.9582049250602722,0.5599023103713989,0.6706368923187256,0.9975038766860962,0.47722744941711426,0.668043315410614,0.3489541709423065,0.5188371539115906,0.7736710906028748,0.4578036963939667
803,26.766666666666666,1,left,75.49908014455099,75.49908014455099,,0.570196270942688,0.6514217853546143,0.9987809658050537,0.4812646806240082,0.659358024597168,0.9438612461090088,0.5266162157058716,0.7867165803909302,0.9610048532485962,0.5585706830024719,0.663402259349823,0.997678816318512,0.4772064685821533,0.6680358648300171,0.3679501414299011,0.517358660697937,0.7735369801521301,0.4690549075603485
804,26.8,1,left,77.05931579321063,77.05931579321063,,0.5698279142379761,0.6498615145683289,0.9988878965377808,0.4812820851802826,0.6605921983718872,0.9468896389007568,0.5272321701049805,0.7878710627555847,0.9634534120559692,0.5583127737045288,0.6610085368156433,0.9978727102279663,0.47727546095848083,0.6683963537216187,0.38474082946777344,0.5175786018371582,0.7748610973358154,0.4761705696582794
805,26.833333333333332,1,left,82.84255169213714,82.84255169213714,,0.569702684879303,0.6403296589851379,0.9989789128303528,0.48122572898864746,0.6605707406997681,0.9497711658477783,0.5276492834091187,0.7878184914588928,0.9657533168792725,0.5554478764533997,0.6546406149864197,0.9980443716049194,0.4768766760826111,0.6690316796302795,0.4042443335056305,0.5192024111747742,0.776347279548645,0.485607385635376
806,26.866666666666667,1,left,84.33039885309353,84.33039885309353,,0.5693936347961426,0.6386312246322632,0.9990686178207397,0.4809718728065491,0.6620473265647888,0.9522964954376221,0.5279741883277893,0.7877450585365295,0.9676802754402161,0.5556705594062805,0.6513704061508179,0.9982115626335144,0.47685426473617554,0.6707324385643005,0.41814982891082764,0.5209951400756836,0.7776670455932617,0.49147820472717285
807,26.9,1,left,90.9994446957081,90.9994446957081,,0.5692886114120483,0.6275323629379272,0.9991472363471985,0.48124831914901733,0.662021815776825,0.9547603130340576,0.527977466583252,0.7877188324928284,0.9695647358894348,0.5558257699012756,0.6426128149032593,0.9983609914779663,0.4770960807800293,0.6721428632736206,0.4383619725704193,0.5211553573608398,0.779077410697937,0.4989059865474701
808,26.933333333333334,1,left,92.40493811120932,92.40493811120932,,0.5683900713920593,0.6252015233039856,0.9992172122001648,0.4812520146369934,0.6619823575019836,0.9567713141441345,0.528201699256897,0.7876914739608765,0.9710837006568909,0.5554214715957642,0.639496386051178,0.9984935522079468,0.4768756330013275,0.6732497811317444,0.4496666491031647,0.5218099355697632,0.7797286510467529,0.5007133483886719
809,26.966666666666665,1,left,97.45480173606809,97.45480173606809,,0.5673757791519165,0.6162611246109009,0.9992803335189819,0.4812580645084381,0.6620359420776367,0.9585736393928528,0.5281980633735657,0.7873324155807495,0.972438395023346,0.5554811358451843,0.6295351386070251,0.9986140131950378,0.4777244031429291,0.6732275485992432,0.4606591463088989,0.5225571393966675,0.7807285189628601,0.5043871998786926
810,27.0,1,left,98.21337473658359,98.21337473658359,,0.5657483339309692,0.6152894496917725,0.999337911605835,0.48114997148513794,0.6621307730674744,0.9603323936462402,0.5285711288452148,0.7872340679168701,0.9737668037414551,0.5547662973403931,0.6280050277709961,0.9987248778343201,0.4776023328304291,0.6732795238494873,0.4666242301464081,0.5227258205413818,0.7805674076080322,0.5076317191123962
811,27.033333333333335,1,left,102.86076743815273,102.86076743815273,,0.564660906791687,0.6066973805427551,0.9993903040885925,0.4812892973423004,0.6620869040489197,0.9617242813110352,0.5286048650741577,0.7870527505874634,0.9750549793243408,0.5538630485534668,0.6169049143791199,0.9988240599632263,0.47776851058006287,0.670657753944397,0.4750954806804657,0.5209521055221558,0.7805356979370117,0.5136429667472839
812,27.066666666666666,1,left,103.25341908875565,103.25341908875565,,0.5639625191688538,0.6063709259033203,0.9994401335716248,0.48128828406333923,0.6620619297027588,0.9635412096977234,0.5288182497024536,0.7877695560455322,0.9764812588691711,0.552747905254364,0.6152540445327759,0.9989171028137207,0.4775945246219635,0.6686790585517883,0.4791964888572693,0.5204357504844666,0.7781515121459961,0.5186331868171692
813,27.1,1,left,108.32184307158855,108.32184307158855,,0.5626336932182312,0.5970087647438049,0.9994847178459167,0.48194432258605957,0.6619872450828552,0.9654428362846375,0.5291197299957275,0.7880136370658875,0.9777938723564148,0.5507691502571106,0.6048009991645813,0.9990023374557495,0.4777422845363617,0.6664528250694275,0.48442935943603516,0.5192533731460571,0.7755316495895386,0.5263410210609436
814,27.133333333333333,1,left,109.80595646987393,109.80595646987393,,0.5623067617416382,0.5939673185348511,0.9995238780975342,0.4823067784309387,0.6613506078720093,0.9668000340461731,0.5291551947593689,0.7879902720451355,0.9788038730621338,0.5503261089324951,0.6015494465827942,0.9990792870521545,0.4779428541660309,0.6649549603462219,0.4813289940357208,0.519141674041748,0.7741706371307373,0.5264220833778381
815,27.166666666666668,1,left,114.54067163275232,114.54067163275232,,0.560131847858429,0.5854300260543823,0.9995598793029785,0.48299551010131836,0.6614588499069214,0.968352198600769,0.5291526317596436,0.7879649996757507,0.9796673655509949,0.5490208864212036,0.5925790071487427,0.9991482496261597,0.47922882437705994,0.6638327836990356,0.4785148799419403,0.5193813443183899,0.774297297000885,0.5253617167472839
816,27.2,1,left,116.37111201240555,116.37111201240555,,0.5588827133178711,0.5827596783638,0.9995837211608887,0.48359745740890503,0.6612704396247864,0.9689534306526184,0.5292628407478333,0.7879003882408142,0.9797887206077576,0.548763632774353,0.5915577411651611,0.9991946220397949,0.48049426078796387,0.663676381111145,0.4738219678401947,0.5204519033432007,0.7749493718147278,0.5213330388069153
817,27.233333333333334,1,left,122.62525850536791,122.62525850536791,,0.5556052923202515,0.5720236301422119,0.9996076226234436,0.48601022362709045,0.6592022776603699,0.9690459370613098,0.5292171239852905,0.7863090634346008,0.9792588949203491,0.5465536713600159,0.5810330510139465,0.9992412328720093,0.48273029923439026,0.6628198027610779,0.46120521426200867,0.5228996872901917,0.7757917642593384,0.5128591060638428
818,27.266666666666666,1,left,122.99224449106235,122.99224449106235,,0.555281937122345,0.571222186088562,0.9996228218078613,0.4871845245361328,0.6554498076438904,0.9688805341720581,0.5298430323600769,0.7863312363624573,0.9787968397140503,0.5436795949935913,0.5807517170906067,0.9992717504501343,0.4834662079811096,0.6624844074249268,0.4575096368789673,0.524070143699646,0.777937114238739,0.5136119723320007
819,27.3,1,left,129.60514115471983,129.60514115471983,,0.55266934633255,0.56083083152771,0.9996447563171387,0.49015840888023376,0.6552248597145081,0.9687729477882385,0.5299776196479797,0.7864419221878052,0.9771069884300232,0.538939356803894,0.5704880952835083,0.9993205070495605,0.4855232238769531,0.6617133021354675,0.45004427433013916,0.5252675414085388,0.7808342576026917,0.5111863613128662
820,27.333333333333332,1,left,131.36299448333182,131.36299448333182,,0.5518656373023987,0.5611820816993713,0.9996678829193115,0.49249833822250366,0.6526415944099426,0.9696246981620789,0.5299737453460693,0.7864216566085815,0.9766454100608826,0.53615403175354,0.5730588436126709,0.9993669986724854,0.48627543449401855,0.6618607044219971,0.45521438121795654,0.5254282355308533,0.7844565510749817,0.521352231502533
821,27.366666666666667,1,left,137.7374508259509,137.7374508259509,,0.5506204962730408,0.5489231944084167,0.999692976474762,0.49649280309677124,0.6517457365989685,0.9706056118011475,0.5313378572463989,0.7864874005317688,0.9757147431373596,0.535049557685852,0.5613866448402405,0.999415397644043,0.49001917243003845,0.6609997153282166,0.46604427695274353,0.5267513990402222,0.7854109406471252,0.5328749418258667
822,27.4,1,left,138.60877783961956,138.60877783961956,,0.5486800074577332,0.5503531694412231,0.9997116327285767,0.4971865713596344,0.6513313055038452,0.9712623357772827,0.5316787362098694,0.7859417200088501,0.9744054675102234,0.5330890417098999,0.562586784362793,0.9994535446166992,0.4922933578491211,0.6611369848251343,0.47026684880256653,0.5278214812278748,0.7853921055793762,0.534946620464325
823,27.433333333333334,1,left,142.76804641959197,142.76804641959197,,0.5458561182022095,0.5404230356216431,0.9997307658195496,0.49828648567199707,0.6503521800041199,0.9716460704803467,0.5316307544708252,0.785775363445282,0.9724496603012085,0.5331316590309143,0.5524417161941528,0.999489963054657,0.49606919288635254,0.6603720784187317,0.46249914169311523,0.527834415435791,0.7852073907852173,0.5321211814880371
824,27.466666666666665,1,left,143.72844146384224,143.72844146384224,,0.5445035696029663,0.542079508304596,0.9997450709342957,0.49907436966896057,0.6504061818122864,0.9721939563751221,0.5315893292427063,0.7856355309486389,0.9713181257247925,0.5290027260780334,0.5528805255889893,0.9995206594467163,0.4967889189720154,0.6603504419326782,0.4652312695980072,0.5278155207633972,0.7850130796432495,0.5376891493797302
825,27.5,1,left,149.47078864769267,149.47078864769267,,0.5409862995147705,0.535567581653595,0.9997614026069641,0.502970278263092,0.6468352675437927,0.9728492498397827,0.5316035151481628,0.7855164408683777,0.9703058004379272,0.5269517302513123,0.5458306074142456,0.9995434284210205,0.501233696937561,0.656909704208374,0.4644568860530853,0.5278054475784302,0.7849838733673096,0.541347324848175
826,27.533333333333335,1,left,150.05971116424314,150.05971116424314,,0.5409408211708069,0.5350152850151062,0.9997678995132446,0.5036672949790955,0.6457542777061462,0.9731761813163757,0.531593918800354,0.7850373387336731,0.9683175086975098,0.5265411734580994,0.5416530966758728,0.9995605945587158,0.504567563533783,0.655348539352417,0.4557478725910187,0.5286194086074829,0.7848166227340698,0.5413333177566528
827,27.566666666666666,1,left,155.02467408420145,155.02467408420145,,0.5368779301643372,0.5289539098739624,0.9997754096984863,0.506369411945343,0.6447463631629944,0.9727093577384949,0.531570315361023,0.7846008539199829,0.9659833908081055,0.5245581269264221,0.5380601286888123,0.9995663166046143,0.5087254047393799,0.6527926325798035,0.4557846784591675,0.529269814491272,0.784720778465271,0.5433481931686401
828,27.6,1,left,156.57631595123456,156.57631595123456,,0.534572422504425,0.5260668396949768,0.999773383140564,0.506536602973938,0.6434095501899719,0.9721108675003052,0.5313777923583984,0.7844876646995544,0.9631876945495605,0.523847222328186,0.53510981798172,0.9995589256286621,0.5100120306015015,0.6527026295661926,0.4594693183898926,0.5299075841903687,0.7848294973373413,0.5439857840538025
829,27.633333333333333,1,left,161.0943808861383,161.0943808861383,,0.5296412706375122,0.5218366384506226,0.999772310256958,0.508564829826355,0.6423758864402771,0.9679312705993652,0.530967116355896,0.7840160727500916,0.9580374956130981,0.5229145288467407,0.532122015953064,0.9995243549346924,0.513202428817749,0.6525795459747314,0.45476508140563965,0.5301107168197632,0.7849504947662354,0.5349096655845642
830,27.666666666666668,1,left,162.71698632680187,162.71698632680187,,0.527934730052948,0.5183721780776978,0.9997792840003967,0.5091222524642944,0.642120897769928,0.9674667716026306,0.530718207359314,0.784263014793396,0.9562559127807617,0.523274302482605,0.5301032662391663,0.9995185136795044,0.5147284269332886,0.6508762240409851,0.4541804790496826,0.5299934148788452,0.7851239442825317,0.5307433605194092
831,27.7,1,left,165.90214214604794,165.90214214604794,,0.5260587930679321,0.5146157145500183,0.9997881054878235,0.5116505026817322,0.6402502655982971,0.964992105960846,0.5307281017303467,0.7840818166732788,0.9544097781181335,0.5220011472702026,0.5280579328536987,0.9995052814483643,0.516743004322052,0.6492689251899719,0.4567088186740875,0.5299577116966248,0.7850968837738037,0.5311402678489685
832,27.733333333333334,1,left,167.7350037961308,167.7350037961308,,0.5237689018249512,0.5159304141998291,0.9997899532318115,0.512588381767273,0.6406343579292297,0.9624853134155273,0.5305784344673157,0.7842139601707458,0.9524924159049988,0.522268533706665,0.5284921526908875,0.9994704723358154,0.5181297063827515,0.6496507525444031,0.45204001665115356,0.5299445390701294,0.7854084372520447,0.5254008173942566
833,27.766666666666666,1,left,169.5590846734976,169.53719821834176,,0.5232406854629517,0.5154962539672852,0.9998027086257935,0.5148387551307678,0.6409462690353394,0.9608446955680847,0.5314353108406067,0.7841826677322388,0.9516347050666809,0.5191472172737122,0.5293377637863159,0.9994866847991943,0.517838716506958,0.6498296856880188,0.46233487129211426,0.5301094651222229,0.7853502035140991,0.5322690010070801
834,27.8,1,left,169.53719821834176,169.5590846734976,,0.5233532786369324,0.5150325298309326,0.9998151659965515,0.5150049924850464,0.6410674452781677,0.9601237177848816,0.5316969752311707,0.7837356925010681,0.9515700340270996,0.5178235769271851,0.5299090147018433,0.9995077252388,0.517790675163269,0.6500014662742615,0.47160887718200684,0.5308851599693298,0.7853302359580994,0.5403270721435547
835,27.833333333333332,1,left,170.41129049706674,170.41129049706674,,0.5218519568443298,0.5166184902191162,0.9998244047164917,0.5153293013572693,0.6413067579269409,0.9583226442337036,0.5317471623420715,0.783328115940094,0.9510697722434998,0.5169050097465515,0.5309593677520752,0.9995164275169373,0.5172147154808044,0.6501429677009583,0.47859683632850647,0.5310755968093872,0.7851398587226868,0.5465765595436096
836,27.866666666666667,1,left,171.20151523000428,171.20151523000428,,0.5213465094566345,0.5175018310546875,0.9998351335525513,0.5160101652145386,0.6423903703689575,0.958721399307251,0.5317450761795044,0.7837438583374023,0.952262818813324,0.5156422257423401,0.5306714177131653,0.9995290637016296,0.5169333815574646,0.6502599716186523,0.48645585775375366,0.5311108827590942,0.7850596308708191,0.5533117055892944
837,27.9,1,left,172.1719646660428,172.1719646660428,,0.5198179483413696,0.5182449817657471,0.999839186668396,0.5163904428482056,0.6439497470855713,0.9565114974975586,0.5317369699478149,0.7837132215499878,0.9513541460037231,0.5137134790420532,0.53110271692276,0.999518096446991,0.5164743065834045,0.6524187922477722,0.489474356174469,0.5310959815979004,0.7849549651145935,0.5544766783714294
838,27.933333333333334,1,left,172.6092638194551,172.59643431216335,,0.5204486846923828,0.5185112357139587,0.9998393058776855,0.5172673463821411,0.6441392302513123,0.9562294483184814,0.5317425727844238,0.7832603454589844,0.9516425728797913,0.511456310749054,0.5316227078437805,0.9995147585868835,0.5161857008934021,0.6529836058616638,0.49225324392318726,0.53085857629776,0.7843332886695862,0.5611469745635986
839,27.966666666666665,1,left,172.59643431216335,172.6092638194551,,0.5198207497596741,0.5187686681747437,0.9998350143432617,0.5169715285301208,0.6447178721427917,0.9529827237129211,0.5317388772964478,0.7827252149581909,0.9504555463790894,0.5112209320068359,0.5317335724830627,0.9994927644729614,0.5159773826599121,0.653729259967804,0.4855324923992157,0.5308238863945007,0.7840214967727661,0.5589070916175842
840,28.0,1,left,172.98485848741547,172.6092638194551,,0.520161509513855,0.5201489329338074,0.9998363256454468,0.5177733898162842,0.6460195183753967,0.9534640908241272,0.5320049524307251,0.7830755114555359,0.9510828852653503,0.5093023777008057,0.5321001410484314,0.9994908571243286,0.5153626203536987,0.6544702053070068,0.49011871218681335,0.5299344062805176,0.7839263677597046,0.563994824886322
841,28.033333333333335,1,left,172.7650425003271,172.59643431216335,,0.5202487111091614,0.5205023288726807,0.9998342990875244,0.5176106691360474,0.6463107466697693,0.9524057507514954,0.5320608615875244,0.7830212712287903,0.9512410163879395,0.509549617767334,0.5322074294090271,0.9994729161262512,0.5151622891426086,0.6545979380607605,0.49405184388160706,0.5299298763275146,0.7835137844085693,0.5685870051383972
842,28.066666666666666,1,left,172.54429017715975,172.57692140764854,,0.5202691555023193,0.520804226398468,0.9998362064361572,0.517376720905304,0.6465387940406799,0.9523715972900391,0.532067060470581,0.7831446528434753,0.9519762992858887,0.50971919298172,0.5323570966720581,0.9994719624519348,0.5151425004005432,0.6546223759651184,0.4994622468948364,0.5297576189041138,0.7833018898963928,0.5751182436943054
843,28.1,1,left,172.57692140764854,172.54429017715975,,0.519638180732727,0.5212827324867249,0.9998381733894348,0.517098069190979,0.6468228101730347,0.9525501728057861,0.5320836901664734,0.7833485007286072,0.9529916644096375,0.5096738934516907,0.53267902135849,0.9994707107543945,0.5148030519485474,0.6546536684036255,0.4991774260997772,0.5294358134269714,0.7831785678863525,0.5782039165496826
844,28.133333333333333,1,left,172.04908821634217,172.54429017715975,,0.5187894105911255,0.5216299295425415,0.9998213648796082,0.5160072445869446,0.6470209360122681,0.9501659870147705,0.5319742560386658,0.7833554744720459,0.9525105357170105,0.5093952417373657,0.5329073071479797,0.9994184374809265,0.5145584344863892,0.6546618342399597,0.5023383498191833,0.52940833568573,0.783174455165863,0.5845885276794434
845,28.166666666666668,1,left,171.9441121461042,172.04908821634217,,0.5186929106712341,0.521699070930481,0.9998232126235962,0.5158172845840454,0.646582841873169,0.950115978717804,0.5319728255271912,0.7833501696586609,0.9522415399551392,0.5096346139907837,0.5330848097801208,0.9994215965270996,0.5145167112350464,0.6545022130012512,0.49550479650497437,0.529487133026123,0.7833176851272583,0.5776330232620239
